duration_minutes,duration_seasons,type,title,date_added,release_year,rating,description,show_id
90,,Movie,Norm of the North: King Sized Adventure,9/9/2019,2019,TV-PG,"Before planning an awesome wedding for his grandfather, a polar bear king must take back a stolen artifact from an evil archaeologist first.",81145628
94,,Movie,Jandino: Whatever it Takes,9/9/2016,2016,TV-MA,"Jandino Asporaat riffs on the challenges of raising kids and serenades the audience with a rousing rendition of ""Sex on Fire"" in his comedy show.",80117401
,1,TV Show,Transformers Prime,9/8/2018,2013,TV-Y7-FV,"With the help of three human allies, the Autobots once again protect Earth from the onslaught of the Decepticons and their leader, Megatron.",70234439
,1,TV Show,Transformers: Robots in Disguise,9/8/2018,2016,TV-Y7,"When a prison ship crash unleashes hundreds of Decepticons on Earth, Bumblebee leads a new Autobot force to protect humankind.",80058654
99,,Movie,#realityhigh,9/8/2017,2017,TV-14,"When nerdy high schooler Dani finally attracts the interest of her longtime crush, she lands in the cross hairs of his ex, a social media celebrity.",80125979
,1,TV Show,Apaches,9/8/2017,2016,TV-MA,A young journalist is forced into a life of crime to save his father and family in this series based on the novel by Miguel Sáez Carral.,80163890
110,,Movie,Automata,9/8/2017,2014,R,"In a dystopian future, an insurance adjuster for a tech company investigates a robot killed for violating protocol and discovers a global conspiracy.",70304989
60,,Movie,Fabrizio Copano: Solo pienso en mi,9/8/2017,2017,TV-MA,"Fabrizio Copano takes audience participation to the next level in this stand-up set while reflecting on sperm banks, family WhatsApp groups and more.",80164077
,1,TV Show,Fire Chasers,9/8/2017,2017,TV-MA,"As California's 2016 fire season rages, brave backcountry firefighters race to put out the flames, protect homes and save lives in this docuseries.",80117902
90,,Movie,Good People,9/8/2017,2014,R,A struggling couple can't believe their luck when they find a stash of money in the apartment of a neighbor who was recently murdered.,70304990
78,,Movie,Joaquín Reyes: Una y no más,9/8/2017,2017,TV-MA,"Comedian and celebrity impersonator Joaquín Reyes decides to be his zesty self for a night of stories about buses, bathroom habits, royalty and more.",80169755
95,,Movie,Kidnapping Mr. Heineken,9/8/2017,2015,R,"When beer magnate Alfred ""Freddy"" Heineken is kidnapped in 1983, his abductors make the largest ransom demand in history.",70299204
58,,Movie,Krish Trish and Baltiboy,9/8/2017,2009,TV-Y7,"A team of minstrels, including a monkey, cat and donkey, narrate folktales from the Indian regions of Rajasthan, Kerala and Punjab.",80182480
62,,Movie,Krish Trish and Baltiboy: Battle of Wits,9/8/2017,2013,TV-Y7,"An artisan is cheated of his payment, a lion of his throne and a brother of his inheritance in these three stories of deception and justice.",80182483
65,,Movie,Krish Trish and Baltiboy: Best Friends Forever,9/8/2017,2016,TV-Y,"A cat, monkey and donkey team up to narrate folktales about friendship from Northeast India, and the Indian regions of Bihar and Rajasthan.",80182596
61,,Movie,Krish Trish and Baltiboy: Comics of India,9/8/2017,2012,TV-Y7,"In three comic-strip-style tales, a boy tries to sell wisdom, a demon is released from captivity, and a king assigns impossible tasks to his minister.",80182482
65,,Movie,Krish Trish and Baltiboy: Oversmartness Never Pays,9/8/2017,2017,TV-Y7,"A cat, monkey and donkey learn the consequences of cheating through stories from the Indian regions of Rajasthan, West Bengal and Maharashtra.",80182597
58,,Movie,Krish Trish and Baltiboy: Part II,9/8/2017,2010,TV-Y7,"Animal minstrels narrate stories about a monkey's friendship with a crocodile, two monkeys' foolishness and a villager's encounter with a demon.",80182481
60,,Movie,Krish Trish and Baltiboy: The Greatest Trick,9/8/2017,2013,TV-Y7,"The consequences of trickery are explored in stories involving an inconsiderate husband, two greedy courtiers, and a kind man who loses everything.",80182621
135,,Movie,Love,9/8/2017,2015,NR,A man in an unsatisfying marriage recalls the details of an intense past relationship with an ex-girlfriend when he gets word that she may be missing.,80057969
98,,Movie,Manhattan Romance,9/8/2017,2014,TV-14,A filmmaker working on a documentary about love in modern Manhattan becomes personally entangled in the romantic lives of his subjects.,80060297
96,,Movie,Moonwalkers,9/8/2017,2015,R,"A brain-addled war vet, a failing band manager and a Stanley Kubrick impersonator help the CIA construct an epic scam by faking the 1969 moon landing.",80046728
79,,Movie,Rolling Papers,9/8/2017,2015,TV-MA,"As the newspaper industry takes a hit, The Denver Post breaks new ground with a section dedicated to cannabis culture.",80046727
113,,Movie,Stonehearst Asylum,9/8/2017,2014,PG-13,"In 1899, a young doctor arrives at an asylum for an apprenticeship and becomes suspicious of his mentor's methods while falling for a female patient.",70304988
90,,Movie,The Runner,9/8/2017,2015,R,A New Orleans politician finds his idealistic plans for rebuilding after a toxic oil spill unraveling thanks to a sex scandal.,80057700
80,,Movie,6 Years,9/8/2015,2015,NR,"As a volatile young couple who have been together for six years approach college graduation, unexpected career opportunities threaten their future.",80045922
,1,TV Show,Castle of Stars,9/7/2018,2015,TV-14,"As four couples with different lifestyles go through the ebbs and flows of joy and sorrow, each must learn how to live a good life.",80244601
77,,Movie,City of Joy,9/7/2018,2018,TV-MA,"Women who've been sexually brutalized in war-torn Congo begin to heal at City of Joy, a center that helps them regain a sense of self and empowerment.",80203094
,1,TV Show,First and Last,9/7/2018,2018,TV-MA,Take an intimate look at the emotionally charged first and last days of new and soon-to-be released inmates at Georgia's Gwinnett County Jail.,80190843
112,,Movie,Laddaland,9/7/2018,2011,TV-MA,"When a family moves into an upscale housing development, they encounter a series of paranormal events that drive them to the edge of insanity.",70241607
106,,Movie,Next Gen,9/7/2018,2018,TV-PG,"When lonely Mai forms an unlikely bond with a top-secret robot, they embark on an intense, action-packed adventure to foil the plot of a vicious villain.",80988892
106,,Movie,Sierra Burgess Is A Loser,9/7/2018,2018,PG-13,A wrong-number text sparks a virtual romance between a smart but unpopular teen and a sweet jock who thinks he's talking to a gorgeous cheerleader.,80239639
102,,Movie,The Most Assassinated Woman in the World,9/7/2018,2018,TV-MA,"In 1930s Paris, an actress famous for her gory death scenes at the Grand Guignol Theater contends with a mysterious stalker and ghosts from her past.",80159586
114,,Movie,Cézanne et moi,9/7/2017,2016,R,"This historical drama explores the long and often volatile friendship of painter Paul Cézanne and writer Émile Zola, who first met as schoolboys.",80152447
,1,TV Show,Archibald's Next Big Thing,9/6/2019,2019,TV-Y7,"Happy-go-lucky chicken Archibald may not remember to do his chores, but he never forgets to have fun. After all, life's an adventure!",80221550
125,,Movie,Article 15,9/6/2019,2019,TV-MA,The grim realities of caste discrimination come to light as an entitled but upright city cop ventures into India’s heartland to investigate a murder.,81154455
142,,Movie,Care of Kancharapalem,9/6/2019,2018,TV-14,"From a schoolboy’s crush to a middle-aged bachelor’s office romance, four love stories spanning age, religion and status unfold in a small Indian town.",81113928
133,,Movie,Ee Nagaraniki Emaindi,9/6/2019,2018,TV-14,"In Goa and in desperate need of cash, four childhood friends get another shot at making their long-abandoned dreams of becoming filmmakers come true.",81052275
100,,Movie,Kill Me If You Dare,9/6/2019,2019,TV-14,"Bogged down with money problems, a couple grows cautious of each other but hit the lottery and decide to stay together – till death do they part.",81132437
,1,TV Show,The Spy,9/6/2019,2019,TV-MA,"In the 1960s, Israeli clerk-turned-secret agent Eli Cohen goes deep undercover inside Syria on a perilous, years-long mission to spy for Mossad.",80178151
86,,Movie,Hell and Back,9/6/2018,2015,R,"When best friends break a blood oath, one of them is cast away to hell, and the other two must save him from the misfits of the underworld.",80058026
146,,Movie,PK,9/6/2018,2014,TV-14,Aamir Khan teams with director Rajkumar Hirani to play a social crusader in a political satire on the state of corruption in India.,70303496
79,,Movie,Hard Tide,9/6/2017,2015,TV-MA,A drug dealer who's been emulating his father's successful criminal career is forced to go on the run with a young girl in this fact-based thriller.,80162141
102,,Movie,Elstree 1976,9/6/2016,2015,TV-PG,"Then and now footage of bit players who appeared in ""Star Wars"" tells the story of how the film and its legions of fans changed their lives forever.",80095641
10,,Movie,American Factory: A Conversation with the Obamas,9/5/2019,2019,TV-G,Barack and Michelle Obama talk with directors Steven Bognar and Julia Reichert about the documentary and the importance of storytelling.,81176188
122,,Movie,ATM,9/5/2018,2012,TV-14,"When a broken ATM dishes out a fortune, a couple who works at the bank vies to see who can recover the most cash – and the loser must find a new job.",80159880
126,,Movie,Bangkok Traffic (Love) Story,9/5/2018,2009,TV-14,"After an encounter with an engineer working the night shift for the city train, a 30-year-old woman struggles against all odds to pursue true love.",81016044
116,,Movie,I Fine... Thank You... Love You,9/5/2018,2014,TV-14,"Desperate to go to the U.S. to win back his girlfriend, Yim hires a tutor to teach him English. But things don't go according to plan.",80158838
135,,Movie,One Day,9/5/2018,2016,TV-PG,"When his colleague (and crush) temporarily loses her memory, an overlooked geek seizes the chance to make an impression before she remembers again.",81016045
125,,Movie,Phobia 2,9/5/2018,2009,TV-MA,"From disfiguring punishments to festering souls, Thai horror masters present five supernatural tales of karma in this sequel to the 4bia anthology.",70142798
96,,Movie,Shutter,9/5/2018,2004,TV-MA,"After killing a young girl in a hit-and-run accident, a couple is haunted by more than just the memory of their deadly choice.",70062814
130,,Movie,Suckseed,9/5/2018,2011,TV-MA,"When his boyhood crush Ern returns, Ped forms a band with his friend to impress her. Romantic rivalries bloom after the talented Ern joins the group.",80158839
98,,Movie,Carrie Pilby,9/5/2017,2016,TV-14,"A socially awkward 19-year-old genius makes big plans to step out of her shell and make a friend, get a job and – maybe – even go on a date.",80147760
70,,Movie,Marc Maron: Too Real,9/5/2017,2017,TV-MA,"Battle-scarred stand-up comedian Marc Maron unleashes a storm of ideas about meditation, mortality, documentary films and our weird modern world.",80177405
,1,TV Show,No Tomorrow,9/5/2017,2016,TV-14,"Her straitjacketed life turned topsy-turvy by hunky Xavier, Evie discovers a new freedom – even though her man just might be an end-of-days crackpot.",80113482
128,,Movie,Saawan,9/4/2019,2016,TV-14,"Outcast from society and left to die in the wilderness, a young boy with polio embarks on a journey to connect with his mother. Based on a true story.",81160036
88,,Movie,The Heretics,9/4/2019,2017,TV-MA,A withdrawn young woman hunted by a malicious cult is abducted by a brooding stranger and undergoes a bizarre transformation.,81173255
108,,Movie,The World We Make,9/4/2019,2019,PG,"A teenage equestrian and a local football player for each other, but simmering racism in their small town puts their relationship to the test.",81078908
93,,Movie,Watchman,9/4/2019,2019,TV-14,"Rushing to pay off a loan shark, a young man breaks into a bungalow to steal the cash, unprepared for the dog standing guard – or the trouble inside.",81155784
135,,Movie,Black Panther,9/4/2018,2018,PG-13,"T'Challa, the superpowered new leader of the hidden, highly advanced African nation of Wakanda, strives to protect his home from enemies old and new.",80201906
88,,Movie,Man Up,9/4/2018,2015,R,"A single woman seizes an opportunity when, while standing under a train station clock, she meets a stranger who mistakes her for his blind date.",80052612
,1,TV Show,Frequency,9/4/2017,2016,TV-14,"A detective seizes a precious opportunity to change the past when she finds she can communicate with her deceased, estranged father via a time warp.",80113641
64,,Movie,Mo Gilligan: Momentum,9/30/2019,2019,TV-MA,"Comedian Mo Gilligan blends smooth moves and sharp humor as he riffs on humble beginnings, family dynamics and the complex art of dancing in the club.",81054495
,1,TV Show,Adam Ruins Everything,9/30/2018,2018,TV-14,"Education can be fun – and funny. Comedian Adam Conover bursts misconceptions, deconstructs topics and leaves with positive takeaways.",80996949
,1,TV Show,Ben 10,9/30/2018,2016,TV-Y7,Ben can transform into ten types of aliens. He'll try 'em all while adventuring across the country with his cousin Gwen and Grandpa Max.,80239337
107,,Movie,Big Miracle,9/30/2018,2012,PG,"After a reporter writes about whales trapped in the Arctic Circle, the U.S. and U.S.S.R. team up to rescue them in this tale inspired by true events.",70212504
,1,TV Show,Christiane Amanpour: Sex & Love Around the World,9/30/2018,2018,TV-MA,"A contextual, acculturated dive into how adults in six, big global cities celebrate love and accentuate sex. CNN's Christiane Amanpour reports.",81011682
,1,TV Show,The Eighties,9/30/2018,2016,TV-PG,"This nostalgic documentary series relives the 1980s from a variety of angles, exploring its impact on the politics, technology and culture of today.",80128317
,1,TV Show,The Nineties,9/30/2018,2017,TV-14,This U.S.-focused series dives into the cultural and political changes that swept the last decade of the 20th century. Executive produced by Tom Hanks.,81027384
,1,TV Show,The Seventies,9/30/2018,2015,TV-PG,"This series examines 1970s America, focusing on the major political and historical landmarks of the decade and the cultural response to those events.",80030186
,1,TV Show,We Bare Bears,9/30/2018,2017,TV-Y7,"Grizzly, Panda and Ice Bear are three adopted bear brothers struggling against their animal instincts to fit into the civilized, modern human world.",80116921
130,,Movie,The Mayor,9/30/2017,2017,TV-MA,"With the presidency in mind, the incumbent mayor of Seoul runs for an unprecedented third term – and will stop at nothing to keep his secrets hidden.",80187061
,1,TV Show,The Royal House of Windsor,9/30/2017,2017,TV-14,"Drawing on newly available info, this show traces how the British royal family has survived the last 100 years of power struggles, politics and more.",80181555
92,,Movie,Amanda Knox,9/30/2016,2016,TV-MA,She was twice convicted and acquitted of murder. Amanda Knox and the people closest to her case speak out in this illuminating documentary.,80081155
,1,TV Show,Lovesick,9/3/2018,2014,TV-14,Love and academics get complicated at an all-male college that happens to be located next to an all-female high school.,80184358
96,,Movie,The Debt Collector,9/3/2018,2018,TV-MA,"A broke martial arts instructor takes a side gig with a mobster, who pairs him with a veteran thug for a weekend of fisticuffs-fueled debt collection.",80198585
112,,Movie,Act of Vengeance,9/29/2018,2010,NR,"Two Turkish agents are sent to New York City on a mission to capture a notorious terrorist known only as ""Dejjal"" (Arabic for Antichrist).",70233894
111,,Movie,Paradise Lost,9/29/2018,2018,TV-MA,"A cop moonlights as the bodyguard for a young drag queen at a nightclub, and grows closer to the family of misfit singers that perform there.",81011955
103,,Movie,Gerald's Game,9/29/2017,2017,TV-MA,"When her husband's sex game goes wrong, Jessie – handcuffed to a bed in a remote lake house – faces warped visions, dark secrets and a dire choice.",80128722
40,,Movie,Long Shot,9/29/2017,2017,TV-14,"When Juan Catalan is arrested for a murder he didn't commit, he builds his case for innocence around raw footage from a popular TV show. A documentary.",80182115
,1,TV Show,Mak Cun,9/29/2017,2015,TV-PG,A woman with an entrepreneurial spirit takes life into her own hands by starting a beauty cream business that inspires other women to take chances.,80163293
103,,Movie,Our Souls at Night,9/29/2017,2017,TV-14,"After widowed neighbors Addie and Louis begin sleeping in bed together platonically to alleviate their loneliness, a real romance begins to blossom.",80104068
85,,Movie,Out of Thin Air,9/29/2017,2017,TV-14,"Picking up 40 years after six were convicted for two strange murders in Iceland, this chilling documentary proves confessions can’t always be trusted.",80119349
,1,TV Show,Paul Hollywood's Big Continental Road Trip,9/29/2017,2017,TV-14,"Gear up for a fast-paced journey as celebrity chef and avid auto enthusiast Paul Hollywood takes in the cars and culture of France, Italy and Germany.",80199032
,1,TV Show,Satu Hari,9/29/2017,2014,TV-14,"A man haunted by his wife's affair moves to Sarajevo and starts to love again, until fate forces him to choose between his new life and old loyalty.",80180449
72,,Movie,"Monster High: Boo York, Boo York",9/29/2015,2015,TV-Y7,Cleo is invited to a gala in the big city celebrating a magical comet and brings her best friends along. But the sinister Nefera has other plans.,80019931
45,,Movie,Cultivating the Seas: History and Future of the Full-Cycle Cultured Kindai Tuna,9/28/2019,2019,TV-G,An in-depth look at the full-cycle breeding program for bluefin Kindai tuna pioneered by Kinki University’s Aqua Culture Research Institute.,81053893
89,,Movie,Domino,9/28/2019,2019,R,"A Copenhagen police officer hunts for the man who attacked his partner, only to stumble into a high-stakes game of espionage.",80200087
90,,Movie,TUNA GIRL,9/28/2019,2019,TV-PG,A clumsy but cheerful fisheries student struggles to find her place at a research institute renowned for its tuna cultivation. The work isn't easy.,81053892
126,,Movie,5CM,9/28/2018,2012,TV-14,"Five friends embark on a mission to climb the highest peak in Java, overcoming obstacles on the way and discovering the true meaning of friendship.",81002850
130,,Movie,Animal World,9/28/2018,2018,TV-MA,"An unlucky, debt-ridden teen resorts to his math skills when he's forced into a deadly tournament of rock-paper-scissors run by a diabolical host.",81004470
126,,Movie,Hold the Dark,9/28/2018,2018,TV-MA,"In the grim Alaskan winter, a naturalist hunts for wolves blamed for killing a local boy, but he soon finds himself swept into a chilling mystery.",80157072
24,,Movie,Lessons from a School Shooting: Notes from Dunblane,9/28/2018,2018,TV-PG,"Two priests – one from Dunblane, Scotland, the other from Newtown, Connecticut – bond over school tragedies that occurred 16 years apart.",81001809
,1,TV Show,Made in Mexico,9/28/2018,2018,TV-MA,"These Mexico City socialites may lead opulent lives, but a peek behind the curtain reveals a tangled web of intrigue, envy and personal struggles.",80201933
127,,Movie,Single,9/28/2018,2015,TV-PG,"Unemployed and immature, a somewhat pathetic bachelor sets his sights on finding a date for the wedding of his younger, more successful brother.",81002864
108,,Movie,The 3rd Eye,9/28/2018,2018,TV-MA,"When her little sister claims she sees the dead, Alia consults a psychic, who opens her own eyes to the vengeful ghosts haunting their childhood home.",81016750
163,,Movie,The Sinking Of Van Der Wijck,9/28/2018,2013,TV-14,"When a young man leaves home to fulfill the wishes of his late father, he meets and falls in love with a woman from a very different background.",81002866
117,,Movie,Two Catalonias,9/28/2018,2018,TV-MA,Lawmakers and activists with conflicting ideologies speak about the complexities of Catalonia's politics and the fight for its independence from Spain.,80992039
106,,Movie,Bobby Sands: 66 Days,9/28/2017,2016,TV-14,"In 1981, an imprisoned Irish Republican Army soldier went on a hunger strike that galvanized his movement and made him a controversial global icon.",80126507
,1,TV Show,Bard of Blood,9/27/2019,2019,TV-MA,"Years after a disastrous job in Balochistan, a former Indian spy must confront his past when he returns to lead an unsanctioned hostage-rescue mission.",80225885
102,,Movie,Deliha 2,9/27/2019,2018,TV-PG,"While chasing her dream of becoming a chef, Zeliha cooks up trouble in the kitchen with her wild, kooky and unsuspecting ways.",81132443
,1,TV Show,Dragons: Rescue Riders,9/27/2019,2019,TV-Y,"Twins Dak and Leyla and their dragon friends devote their lives to rescuing others, defending their home of Huttsgalor and having fun along the way.",80218107
116,,Movie,In the Shadow of the Moon,9/27/2019,2019,TV-MA,A Philadelphia detective slowly unravels as he nurses a lifelong obsession with an enigmatic female serial killer whose crimes defy explanation.,80231903
,1,TV Show,Skylines,9/27/2019,2019,TV-MA,A hip-hop producer gets hurled into the violent world of organized crime when the record label he signs to becomes the center of a deadly drug business.,80220715
42,,Movie,Sturgill Simpson Presents Sound & Fury,9/27/2019,2019,TV-MA,"In this anime visual album, a mysterious driver heads deep into a postapocalyptic hellscape toward a ferocious showdown with two monstrous opponents.",81171121
,1,TV Show,The Politician,9/27/2019,2019,TV-14,Rich kid Payton has always known he's going to be president. But first he has to navigate the most treacherous political landscape of all: high school.,80241248
95,,Movie,Weeds on Fire,9/27/2018,2016,TV-14,"In 1980s Hong Kong, a school principal forms a baseball team with an eclectic crew of local students who soon fight their way to the top of the league.",81012295
104,,Movie,Much Loved,9/27/2017,2015,TV-MA,Four friends who make their living as prostitutes in Morocco deal with both the dangers and stigma that come with their profession.,80060037
75,,Movie,Joseph: King of Dreams,9/27/2011,2000,TV-PG,"With his gift of dream interpretation and his brilliantly colored coat, Joseph inspires jealousy in his brothers in this animated Bible story.",60003155
133,,Movie,Malaal,9/26/2019,2019,TV-14,"Class divides become thorns in the budding romance between the crony of a nativist Mumbai politician and the new, North Indian resident of his chawl.",81177238
108,,Movie,The Grandmaster,9/26/2019,2013,PG-13,"As the Japanese invasion looms, Chinese kung fu master Ip Man's world changes when rival master Gong Er and her father arrive in his village.",70270775
,1,TV Show,The Inmate,9/26/2019,2018,TV-MA,A former Marine poses as an inmate inside a Mexican prison in order to infiltrate a gang suspected of kidnapping a U.S. judge's teen daughter.,81025403
103,,Movie,The Hurricane Heist,9/26/2018,2018,PG-13,A deadly hurricane with mile-high waves provides the perfect cover for stealing $600 million from a U.S. Treasury outpost in Mississippi.,80215923
82,,Movie,Def Comedy Jam 25,9/26/2017,2017,TV-MA,"In this special live event, giants of stand-up come together to commemorate the 25th anniversary of Russell Simmons's groundbreaking ""Def Comedy Jam.""",80151483
94,,Movie,Restless Creature: Wendy Whelan,9/26/2017,2016,TV-MA,"After 30 years with the New York City Ballet, celebrated dancer Wendy Whelan redefines herself as an artist in a new stage of life.",80173625
100,,Movie,Print the Legend,9/26/2014,2014,TV-14,"This award-winning, original documentary chronicles the race for market leadership in 3D printing, the next wave of technological evolution.",80005444
38,,Movie,Birders,9/25/2019,2019,TV-G,Bird watchers on both sides of the U.S.-Mexico border share their enthusiasm for protecting and preserving some of the world's most beautiful species.,80244682
97,,Movie,Furie,9/25/2019,2019,TV-MA,"When traffickers kidnap her daughter from their village, vengeful Hai Phuong returns to Saigon – and her outlaw roots – to take down the abductors.",81075519
89,,Movie,Leap!,9/25/2019,2016,PG,"Félicie and Victor, two young friends in 1880s France, escape from an orphanage to pursue their dreams in Paris, the glittering City of Lights.",80166318
146,,Movie,Oh! Baby (Malayalam),9/25/2019,2019,TV-14,A surly septuagenarian gets another chance at her 20s after having her photo snapped at a studio that magically takes 50 years off her life.,81186758
146,,Movie,Oh! Baby (Tamil),9/25/2019,2019,TV-14,A surly septuagenarian gets another chance at her 20s after having her photo snapped at a studio that magically takes 50 years off her life.,81186757
130,,Movie,USS Indianapolis: Men of Courage,9/25/2019,2016,R,"After becoming stranded in the Philippine Sea during World War II, a tenacious Navy crew faces a dire lack of supplies and a string of shark attacks.",80108976
110,,Movie,A Wrinkle in Time,9/25/2018,2018,PG,"Years after their father disappears, Meg and her younger brother Charles Wallace cross galaxies on a quest to save him from the heart of darkness.",80208155
81,,Movie,Teach Us All,9/25/2017,2017,TV-14,"It's been decades since Brown v. Board of Education, yet American schools remain largely segregated. Some leaders are working to change that.",80198423
91,,Movie,White Island,9/25/2017,2016,TV-MA,"Returning to Ibiza after several years walking the straight and narrow in London, Connor falls back in with a criminal crowd. It's like he never left.",80162144
106,,Movie,Inside Man: Most Wanted,9/24/2019,2019,R,A hotshot NYPD negotiator butts heads with the FBI and meets his match in a meticulous criminal mastermind as she attempts to rob the Federal Reserve.,81053953
58,,Movie,Jeff Dunham: Beside Himself,9/24/2019,2019,TV-MA,"Jeff Dunham takes the stage in Dallas with his old pals Peanut, Walter, José Jalapeño, Bubba J and Achmed to poke fun at himself and American culture.",81074113
111,,Movie,China Salesman,9/24/2018,2017,TV-MA,A Chinese engineer travels to a war-torn African country to rebuild its telecommunications but instead finds massive corruption and explosive danger.,80992496
112,,Movie,Swearnet: The Movie,9/24/2017,2014,NR,"After losing a TV network deal, the Trailer Park Boys launch their own Internet series, but they soon confront personal and creative differences.",70304191
102,,Movie,The Bar,9/24/2017,2017,TV-MA,Strangers holed up in a Madrid bar after witnessing a murder begin to turn on each other as panic sets in and the body count rises.,80103311
152,,Movie,Manmadhudu 2,9/23/2019,2019,TV-MA,"Under pressure to marry, a perennial bachelor hires a much younger woman to act as his fiancée, but her bond with his family throws his plan for a loop.",81176200
,1,TV Show,Team Kaylie,9/23/2019,2019,TV-PG,"After a brush with the law, teen celebrity Kaylie Konrad swaps social stardom for court-ordered chaos as a middle school wilderness club leader.",80238106
87,,Movie,Under the Eiffel Tower,9/23/2019,2018,TV-MA,An American man in the midst of a mid-life crisis travels to the French countryside to find a new lease on life.,80208906
99,,Movie,Audrie & Daisy,9/23/2016,2016,TV-14,"In this wrenching documentary, two teens are sexually assaulted by boys they considered friends, humiliated online and harassed by their communities.",80097321
78,,Movie,Iliza Shlesinger: Confirmed Kills,9/23/2016,2016,TV-MA,"The stand-up sensation tackles TV's ""Shark Tank,"" what it means to be a woman and how to deal with the lawless party goblin that lives in us all.",80106966
,1,TV Show,BONDING,9/22/2019,2019,TV-MA,A New York City grad student moonlighting as a dominatrix enlists her gay BFF from high school to be her assistant.,81004814
121,,Movie,Do Paise Ki Dhoop Chaar Aane Ki Baarish,9/22/2019,2009,TV-14,"When a sex worker hires a gay songwriter to care for her disabled son, the ensuing bonds that form offer a complex portrayal of love and family.",81080769
91,,Movie,20 Feet From Stardom,9/22/2018,2013,PG-13,"Winner of the 2014 Academy Award for Best Documentary Feature, this film takes a look at the world of backup vocalists and the legends they support.",70267838
101,,Movie,In Darkness,9/22/2018,2018,TV-MA,"A blind pianist fears for her life after the suspicious death of her neighbor, the daughter of a businessman accused of war crimes.",80211380
101,,Movie,Gaga: Five Foot Two,9/22/2017,2017,TV-MA,"Follow pop provocateur Lady Gaga as she releases a new album, preps for her Super Bowl halftime show, and confronts physical and emotional struggles.",80196586
119,,Movie,The Bad Batch,9/22/2017,2016,R,"Banished to a wasteland of undesirables, a young woman struggles to find her feet among a drug-soaked desert society and an enclave of cannibals.",80099204
83,,Movie,SMOSH: The Movie,9/22/2015,2015,PG-13,"To keep his teen crush from spotting him in an embarrassing YouTube video, Anthony and his friend Ian must enter the virtual world and alter the clip.",80059432
182,,Movie,King of Boys,9/21/2019,2018,TV-MA,"When a powerful businesswoman’s political ambitions are threatened by her underworld connections, the ensuing power struggle could cost her everything.",81172721
106,,Movie,Merry Men: The Real Yoruba Demons,9/21/2019,2018,TV-MA,"Four of the richest bachelors in Abuja, Nigeria enjoy a life of fast cars, palatial homes and female attention while concealing their true activities.",81172727
102,,Movie,Sarah's Key,9/21/2019,2010,PG-13,"Paris, 1942: To protect her brother from the police arresting Jewish families, a young girl hides him away, promising to come back for him.",70153543
98,,Movie,The Wedding Party 2: Destination Dubai,9/21/2019,2017,TV-14,"In this sequel to the 2016 hit ""The Wedding Party,"" a couple's date night ends in an accidental proposal, sparking a series of chaotic family events.",81172728
,1,TV Show,Vagabond,9/21/2019,2019,TV-MA,"When his nephew dies in a plane crash, stunt man Cha Dal-geon resolves to find out what happened, with the help of covert operative Go Hae-ri.",81095101
,1,TV Show,Battlefish,9/21/2018,2018,TV-MA,"Over the course of a fishing season, tough men and women pursue lucrative albacore tuna in the competitive waters off the Oregon coast.",80195173
,1,TV Show,DRAGON PILOT: Hisone & Masotan,9/21/2018,2018,TV-14,Recently stationed Air Self-Defense Force rookie Hisone Amakasu is chosen by a dragon concealed within Gifu Air Base to be his pilot.,80241960
,1,TV Show,Hilda,9/21/2018,2018,TV-Y7,"Fearless, free-spirited Hilda finds new friends, adventure and magical creatures when she leaves her enchanted forest home and journeys to the city.",80115346
,1,TV Show,Maniac,9/21/2018,2018,TV-MA,Two struggling strangers connect during a mind-bending pharmaceutical trial involving a doctor with mother issues and an emotionally complex computer.,80124522
124,,Movie,Quincy,9/21/2018,2018,TV-MA,"This documentary profiles music and culture icon Quincy Jones, offering unprecedented access to his private life and stories from his unparalleled career.",80102952
63,,Movie,Rafinha Bastos: Ultimatum,9/21/2018,2018,TV-MA,"An off-color joke nearly cost him everything. Brazilian comic Rafinha Bastos talks about that and much more, from his divorce to finding love again.",80214464
,1,TV Show,The Good Cop,9/21/2018,2018,TV-PG,"When he's not solving murders, a pathologically honest detective tries to keep an eye on his crooked but kindhearted dad.",80157073
83,,Movie,Between Two Ferns: The Movie,9/20/2019,2019,TV-MA,"Armed with awkward questions and zero self-awareness, Zach Galifianakis hits the road to find famous interview subjects for his no-budget talk show.",80243600
,1,TV Show,Criminal: France,9/20/2019,2019,TV-MA,"Secrets emerge and entire cases unravel inside a police interview room in Paris, where suspects and investigators face off in an intricate dance.",81020513
,1,TV Show,Criminal: Germany,9/20/2019,2019,TV-MA,"In the interview room, detectives go head-to-head with suspects and try to get to the truth – even if it means breaking the rules and risking it all.",81020518
,1,TV Show,Criminal: Spain,9/20/2019,2019,TV-MA,"Psychological games abound between detectives and suspects in a tense interrogation room, where the search for answers sometimes comes at a moral cost.",81020523
,1,TV Show,Criminal: UK,9/20/2019,2019,TV-MA,"Within the walls of an interrogation room and with time running out, London investigators go after three suspects, each accused of a grievous crime.",80216172
82,,Movie,Daddy Issues,9/20/2019,2019,TV-MA,"Maya finally hooks up with her online dream girl, only to discover she’s deeply involved with an older sugar daddy – a man Maya knows all too well.",81122669
,1,TV Show,Inside Bill's Brain: Decoding Bill Gates,9/20/2019,2019,TV-14,Take a trip inside the mind of Bill Gates as the billionaire opens up about those who influenced him and the audacious goals he's still pursuing.,80184771
,1,TV Show,The Hockey Girls,9/20/2019,2019,TV-MA,"The passionate members of a girls' roller hockey team chase down victories in the rink while striving to make time for school, family and romance.",81000389
111,,Movie,Travel Mates 2,9/20/2019,2018,TV-14,"When struggling singer Onur decides to return to his old job, incurable klutz ?eref organizes a surprise tour full of pitfalls and mishaps.",81132439
24,,Movie,True: Tricky Treat Day,9/20/2019,2019,TV-Y,It's up to True and her friends to save the day when a hungry Yeti sneaks a forbidden treat and fills the kingdom with Howling Greenies.,81035117
,1,TV Show,Two Sentence Horror Stories,9/20/2019,2019,TV-14,This anthology series of terror features diverse characters facing primal fears in spine-chilling situations that stretch past daily routine.,80244627
102,,Movie,Mad World,9/20/2018,2016,TV-MA,"A stockbroker struggling with bipolar disorder goes to live with his estranged father in a cramped flat, where old resentments bubble to the surface.",80150502
,1,TV Show,Mobile Suit Gundam UC,9/20/2018,2014,TV-14,"When Banagher Links meets the mysterious Audrey Burne, he inherits the Unicorn Gundam and is swept up into the battle for space colony independence.",80189183
103,,Movie,The Bund,9/20/2018,1983,TV-14,"After losing everything, a young man rebuilds his life and finds love in 1920s Shanghai – all while rising to power in an organized crime syndicate.",80997866
87,,Movie,The First Line,9/20/2016,2014,TV-14,Two determined Athenian attorneys spearhead a lawsuit against the British Museum for the return of the Parthenon Marbles to Greece.,80119815
100,,Movie,Maynard,9/2/2018,2017,TV-PG,"Friends, family and political titans recall the impact of Atlanta's Maynard Jackson, the first African-American mayor of a major Southern city.",80993149
,1,TV Show,Monkey Twins,9/2/2018,2018,TV-MA,"Inspired by Khon dance drama and Thai martial arts, a fighter scarred by the past joins forces with a determined cop to battle an organized crime ring.",80224294
116,,Movie,Bitcoin Heist,9/2/2017,2016,TV-14,"A unconventional, efficient Interpol special agent goes rogue and assembles a team of thieves to catch a shadowy hacker called ""The Ghost.""",80203776
139,,Movie,I Am Not Madame Bovary,9/2/2017,2016,TV-14,"To qualify for an apartment reserved for singles, a married couple stages a divorce. But when her husband unexpectedly remarries, Li seeks justice.",80143797
101,,Movie,Vincent N Roxxy,9/2/2017,2016,R,"In rural Louisiana, a terse loner forges a redemptive bond with a woman he saved from a killer, but a violent past soon catches up with both of them.",80161931
,1,TV Show,Chef's Table: France,9/2/2016,2016,TV-14,Sample the bold new flavors of France with chefs who are pushing the boundaries of fine dining and reinventing a rich culinary tradition.,80128096
,1,TV Show,Kulipari: An Army of Frogs,9/2/2016,2016,TV-Y7-FV,"In a tale of bravery and heroism, fearless frogs go to war against the sinister scorpions and spiders that have teamed up to conquer the amphibians.",80057610
130,,Movie,Miss Julie,9/2/2015,2014,PG-13,"On a summer night in 1890 Ireland, the unsettled daughter of aristocrats coaxes her father's valet to seduce her, though he's engaged to their cook.",80017275
171,,Movie,Kabir Singh,9/19/2019,2019,TV-MA,"An exalted but short-fused surgeon plunges into a spiral of drugs, alcohol and rage after his intense relationship with his girlfriend turbulently ends.",81107545
84,,Movie,Océans,9/19/2019,2009,G,This documentary examines the vital role water plays in human existence and the cause-and-effect interplay between oceans and the environment.,70118953
112,,Movie,The Endless,9/19/2018,2017,TV-MA,"As kids, they escaped a UFO death cult. Now, two adult brothers seek answers after an old videotape surfaces and brings them back to where they began.",80190449
,1,TV Show,Transformers: Rescue Bots,9/19/2018,2016,TV-Y7,"Follow the adventure of four young transformers, Heatwave, Chase, Blades and Boulder, and their human counterparts: a family of emergency responders.",70259208
62,,Movie,Jerry Before Seinfeld,9/19/2017,2017,TV-14,"Jerry Seinfeld returns to the club that gave him his start in the 1970s, mixing iconic jokes with stories from his childhood and early days in comedy.",80163156
,1,TV Show,Manhunt,9/19/2017,2017,TV-14,"Faced with few clues and an increasingly panicked public, the FBI calls on a new kind of profiler to help track down the infamous Unabomber.",80176878
65,,Movie,"Karol Modzelewski, ?ukasz „Lotek” Lodkowski No Offense",9/19/2016,2016,TV-MA,"Charismatic comedy pals Karol Modzelewski and ?ukasz ""Lotek"" Lodkowski bring their mischievous brand of humor to Warsaw's Klub Hybrydy.",80131281
65,,Movie,"Katarzyna Piasecka, Rafa? Pacze? Seriously Funny",9/19/2016,2016,TV-MA,Polish comedians Rafa? Pacze? and Katarzyna Piasecka hit the stage at Warsaw's Klub Hybrydy for a night of funny anecdotes and sly jokes.,80131374
69,,Movie,"Mariusz Ka?amaga, Karol Kopiec, Wiolka Walaszczyk Hilarious Trio",9/19/2016,2016,TV-MA,"Comedians Mariusz Ka?amaga, Karol Kopiec and Wiolka Walaszczyk deliver an eclectic and energetic stand-up show at Klub Hybrydy in Warsaw.",80131436
64,,Movie,"Rafa? Bana?, Micha? Leja Laugh out Loud",9/19/2016,2016,TV-MA,Young Polish comedians Rafa? Bana? and Micha? Leja present a high-energy stand-up show at Warsaw's Klub Hybrydy.,80131376
63,,Movie,The Best of Rafa? Rutkowski Olka Szcz??niak,9/19/2016,2016,TV-MA,"""Recipe for Life"" star Rafa? Rutkowski and Comedy Lab's Olka Szcz??niak serve up humorous impressions and wry wit at Warsaw's Klub Hybrydy.",80131435
63,,Movie,"Tomasz Jachimek, Jacek Stramik Laugh at Live",9/19/2016,2016,TV-MA,"Writer, actor and satirist Tomasz Jachimek teams up with comedian Jacek Stramik for a night of subversive stand-up at Klub Hybrydy in Warsaw.",80131375
112,,Movie,Come and Find Me,9/18/2019,2016,R,"When his photographer girlfriend vanishes, an L.A. graphic designer starts his own investigation and uncovers a web of deceit, crime and corruption.",80149143
,1,TV Show,When the Camellia Blooms,9/18/2019,2019,TV-14,"Dongbaek is a single mother. When a potential new love enters her life, she finds ways to defy the social stigmas surrounding her.",81144925
103,,Movie,Class Rank,9/18/2018,2018,TV-14,"When her class rank threatens her college plans, an ambitious teen convinces a nerdy peer to run for the school board to abolish the ranking system.",80987075
64,,Movie,Barbie Dolphin Magic,9/18/2017,2017,TV-G,"While visiting Ken and exploring a coral reef, Barbie and her sisters make an amazing discovery and meet a mysterious new friend.",80192815
,1,TV Show,Forget Me Not,9/18/2017,2011,TV-MA,"Teenage Xue Ming was forced to marry the man who raped her. Years after abandoning her young sons to find a better life, can she escape the guilt?",80136785
,1,TV Show,The Beat,9/18/2017,2012,TV-PG,"The artistic pursuits of two childhood friends, an aspiring singer and a talented dancer, lead them to four other 20-somethings in a drumming group.",80135278
,1,TV Show,Timeless Season,9/18/2017,2009,TV-14,"A decade after college, a wake reunites five female friends struggling with illness, infidelity, toxic in-laws, spousal abuse and other life issues.",80136452
82,,Movie,Keith Richards: Under the Influence,9/18/2015,2015,TV-PG,"In a documentary with unparalleled access, discover the people and sounds that inspired rock 'n' roll legend Keith Richards from childhood to today.",80066798
80,,Movie,A Haunting at Silver Falls: The Return,9/17/2019,2019,TV-14,"When the ghost of her serial killer aunt seemingly resurfaces, Jordan must return to Silver Falls in hopes of finally putting an end to the torment.",81147293
,1,TV Show,Ancient Aliens,9/17/2019,2010,TV-PG,"Were ancient humans really behind some of the most important technological advances in civilized history, or did they have extraterrestrial help?",70178604
88,,Movie,Avengement,9/17/2019,2019,TV-MA,"Betrayed by his loan shark brother, a hardened convict escapes from prison while on furlough to exact revenge against the people who made him a killer.",80991316
124,,Movie,Clive Davis: The Soundtrack of Our Lives,9/17/2019,2017,TV-14,This music-driven documentary charts Clive Davis' 50-year career as one of the world's most influential record moguls.,80190588
104,,Movie,Five Elements Ninjas,9/17/2019,1982,R,"When five ninjas whose fighting styles are based on natural elements unleash their fury on a rival school, a lone survivor vows deadly revenge.",70124316
76,,Movie,Sebastian Maniscalco: What's Wrong with People?,9/17/2019,2012,TV-14,"With his uproarious tirade on modern behavior and decorum, the popular comic tackles the question we've all asked in this hilarious standup special.",70229037
,1,TV Show,The Last Kids on Earth,9/17/2019,2019,TV-Y7-FV,"When zombies and monsters invade his hometown, a scrappy 13-year-old orphan teams up with his friends in hopes of surviving the chaos.",80219119
92,,Movie,The Witch,9/17/2018,2015,R,"Believing that a witch has cursed their family, pilgrims homesteading on the edge of a primeval New England forest become increasingly paranoid.",80037280
,1,TV Show,Click for Murder,9/17/2017,2017,TV-14,Crime journalist Donal MacIntyre reveals how deadly the internet can be as he dissects the technological methods behind heinous acts.,80165072
91,,Movie,I Am Wrath,9/16/2019,2016,R,"Hell-bent on avenging his wife's murder, Stanley Hill summons an old partner's help in exposing a cover-up by crooked cops and slimy politicians.",80058248
93,,Movie,"As Above, So Below",9/16/2018,2014,R,A beautiful tomb raider and her crew hunt for treasure in the catacombs of Paris and find themselves in a hellish underworld.,70307661
112,,Movie,Scott Pilgrim vs. the World,9/16/2018,2010,PG-13,"Dreamy delivery girl Ramona captures Scott Pilgrim's heart, but he must vanquish all seven of her evil exes in martial arts battles to win her love.",70117312
89,,Movie,ARQ,9/16/2016,2016,TV-MA,"Trapped in a lab and stuck in a time loop, a disoriented couple fends off masked raiders while harboring a new energy source that could save humanity.",80092885
60,,Movie,Cedric the Entertainer: Live from the Ville,9/16/2016,2016,TV-MA,"Donning his signature suit and fedora, the dapper comic offers a unique spin on getting old, the presidential election and ""Honky Tonk Badonkadonk.""",80108371
84,,Movie,Louis C.K.: Hilarious,9/16/2016,2010,,"Emmy-winning comedy writer Louis C.K. brings his caustic wit to Milwaukee, offering up his unique and uncensored take on sex, parenting and more.",70129452
93,,Movie,Raiders!: The Story of the Greatest Fan Film Ever Made,9/16/2016,2015,NR,"Three childhood friends attempt to finish the pet project they've worked on for over 30 years: re-creating ""Raiders of the Lost Ark"" shot for shot.",80045805
41,,Movie,The White Helmets,9/16/2016,2016,TV-14,"As daily airstrikes pound civilian targets in Syria, a group of indomitable first responders risk their lives to rescue victims from the rubble.",80101827
,1,TV Show,America's Book of Secrets,9/15/2019,2014,TV-14,"This engaging documentary series shares the surprising backstories of familiar institutions like the Pentagon, West Point and the Playboy Mansion.",70251519
,1,TV Show,Bakugan: Battle Planet,9/15/2019,2018,TV-PG,Dan Kouzo and his pals bond with mysterious creatures known as Bakugan while fighting sinister forces out to control the world.,81174992
,1,TV Show,Cold Case Files,9/15/2019,2017,TV-14,Masterful detectives utilize forensic science and criminal psychology to re-examine long-standing cases.,81044365
64,,Movie,Los Tigres del Norte at Folsom Prison,9/15/2019,2019,TV-PG,The beloved norteño band Los Tigres del Norte performs for the inmates of Folsom Prison on the 50th anniversary of Johnny Cash's iconic concert.,81030342
,1,TV Show,Pawn Stars,9/15/2019,2010,TV-PG,"Father Richard Harrison, son Rick and grandson Corey appraise an array of strange objects brought into their Gold & Silver Pawn Shop in Las Vegas.",70143865
94,,Movie,Steal a Pencil for Me,9/15/2019,2006,TV-14,This moving documentary chronicles the unshakeable romance between a couple who met and fell in love while imprisoned in a Nazi concentration camp.,70054723
,1,TV Show,Surviving R. Kelly,9/15/2019,2019,TV-MA,"In this documentary series on the tangled history of allegations against musician R. Kelly, women give detailed accounts of sexual and mental abuse.",81069393
,1,TV Show,The Curse of Oak Island,9/15/2019,2014,TV-PG,"On an ominous island off of Nova Scotia, two brothers chase historical theories on a quest for enigmatic treasure.",80012550
86,,Movie,The Outsider,9/15/2019,2019,TV-MA,A frontier sheriff tries to protect his sadistic son from a Chinese railroad worker hellbent on revenge.,81131761
,1,TV Show,The Rap Game,9/15/2019,2016,TV-14,Young lyricists between the ages of 12 and 16 compete for a chance to sign to Jermaine Dupri's label while being mentored by hip-hop and R&B's finest.,81176196
,1,TV Show,The Universe,9/15/2019,2009,TV-PG,"Discover the secrets of the universe in this series that pairs animation with insights on distant planets, black holes and other celestial marvels.",70143831
,1,TV Show,Al Hayba,9/15/2018,2017,TV-14,"In a village by the Lebanon-Syria border, the head of an arms-smuggling clan contends with family conflicts, power struggles and complicated love.",81003648
113,,Movie,Arisan 2,9/15/2018,2011,TV-14,"A group of friends reunites for a vacation amid nature, where they laugh about their shared history and bond over difficult truths.",81016326
,1,TV Show,Cabins in the Wild with Dick Strawbridge,9/15/2018,2017,TV-PG,"Engineer Dick Strawbridge and craftsman Will Hardie tour eight unique cabins built for a pop-up hotel in Wales, and construct No. 9 on their own.",80241102
92,,Movie,Cardboard Gangsters,9/15/2018,2016,TV-MA,"A low-level drug dealer decides to move up the ranks of the illegal narcotics trade in Darndale, Dublin, putting him and his gang on a violent path.",80227777
153,,Movie,Eeda,9/15/2018,2018,TV-14,Two young adults with families on opposite ends of the political spectrum fall in love in a Kerala city torn by violence.,81018233
111,,Movie,Galih dan Ratna,9/15/2018,2017,TV-PG,Sparks fly between the new girl at school and the misfit with a passion for music. Yet the world threatens to put a stop to their innocent love song.,81016317
141,,Movie,Gie,9/15/2018,2005,TV-14,Indonesian activist Soe Hok Gie experiences a political awakening during the tumultuous regimes of Suharto and Sukarno. Inspired by true events.,81016337
128,,Movie,?Goli Soda 2,9/15/2018,2018,TV-MA,"A taxi driver, a gangster and an athlete struggle to better their lives despite obstacles like crooked politicians, evil dons and caste barriers.",81018234
,1,TV Show,How to Live Mortgage Free with Sarah Beeny,9/15/2018,2018,TV-14,Real estate expert and TV presenter Sarah Beeny meets with clever property owners who share their colorful stories about living mortgage free.,80241103
,1,TV Show,Inside The Freemasons,9/15/2018,2017,TV-14,"Explore the history and future of the Freemasons, a fraternal order steeped in both secrecy and tradition.",80240816
52,,Movie,Jugaad,9/15/2018,2017,TV-14,"Following the stories of five diverse individuals, this documentary offers a glimpse into the indomitable tenacity of several Mumbai residents.",81018241
117,,Movie,?Maj Rati ??Keteki,9/15/2018,2017,TV-14,"A successful writer returns to the town that launched his career, encountering people who spark nostalgic, often painfully illuminating flashbacks.",81018235
100,,Movie,?Mayurakshi,9/15/2018,2017,TV-14,"When a middle-aged divorcee returns to Kolkata to visit his ailing father, long-buried memories resurface, bringing new discoveries with them.",81018236
112,,Movie,Red Oleanders Raktokarobi,9/15/2018,2017,TV-14,"When a theater group stages a production of a Rabindranath Tagore play, they begin to notice parallels between the story and their own lives.",81018237
110,,Movie,Samantaral,9/15/2018,2017,TV-MA,"On a family visit, a young man and his girlfriend set out to discover why his eccentric uncle has been mysteriously confined to one room for years.",81018238
98,,Movie,The Secret,9/15/2018,2018,TV-MA,"Learning that her father has married a woman her own age, Kanaya leaves home, only to get into an accident that lands her in a haunted hospital.",81016339
137,,Movie,First They Killed My Father,9/15/2017,2017,TV-MA,A 5-year-old girl embarks on a harrowing quest for survival amid the sudden rise and terrifying reign of the Khmer Rouge in Cambodia.,80067522
108,,Movie,Gagarin: First in Space,9/15/2017,2013,TV-14,This biopic of Russian cosmonaut Yuri Gagarin follows his rise from childhood poverty to his selection and training for the 1961 Vostok mission.,80192149
132,,Movie,Janaan,9/15/2017,2016,TV-14,"After 11 years in Canada, young Meena returns to her native Pakistan for a family wedding and becomes romantically entangled with an adopted cousin.",80142637
87,,Movie,Larceny,9/15/2017,2017,TV-14,An ex-CIA contractor turned thief is forced to head a CIA gambit to infiltrate a black ops Mexican prison and steal $50 million in drug cartel money.,80192014
92,,Movie,Rumble,9/15/2017,2016,TV-MA,"An ex-MMA champion reduced to fixing fights in Mexico must win one last match to save his girlfriend, who's been kidnapped by the mob.",80192015
108,,Movie,Strong Island,9/15/2017,2017,TV-MA,"The forces of family, grief and racial injustice converge in this powerful documentary exploring the murder of filmmaker Yance Ford's brother.",80168230
,1,TV Show,The Five,9/15/2017,2016,TV-MA,"Twenty years after 5-year-old Jesse disappears near his home, his DNA turns up at the scene of a woman's murder, baffling his family and the police.",80202129
91,,Movie,Natural Born Pranksters,9/15/2016,2016,R,"The biggest pranksters on YouTube – VitalyzdTV, Dennis Roady and Roman Atwood – turn Hollywood into ""Prankwood"" with their most over-the-top stunts.",80088910
83,,Movie,Sample This,9/15/2016,2012,TV-14,"This doc traces the impact of the Incredible Bongo Band's ""Apache,"" which played a key role in the birth of hip-hop after Kool Herc began sampling it.",70290909
,1,TV Show,Wartime Portraits,9/15/2016,2014,TV-MA,"Part live-action and part animation, this visually inventive series offers striking portrayals of some of the unsung heroes of World War II.",80126566
90,,Movie,Cowspiracy: The Sustainability Secret,9/15/2015,2014,NR,Learn how factory farming is decimating the planet's natural resources – and why this crisis has been largely ignored by major environmental groups.,80033772
157,,Movie,Oh! Baby,9/14/2019,2019,TV-14,A surly septuagenarian gets another chance at her 20s after having her photo snapped at a studio that magically takes 50 years off her life.,81093951
83,,Movie,The Crystal Calls Making the Dark Crystal: Age of Resistance,9/14/2019,2019,TV-PG,"Go behind the scenes with stars, puppeteers and creators as they bring Jim Henson's magical world of Thra back to life in a sweeping fantasy series.",80238013
95,,Movie,We Have Always Lived in the Castle,9/14/2019,2018,TV-14,The fragile and secretive world of two sisters and their uncle crumbles when their charming cousin arrives with eyes toward the family fortune.,81089941
107,,Movie,Bangkok Hell,9/14/2018,2002,TV-MA,"When offered a deal to snitch on fellow prisoners, an inmate faces a tough dilemma: act in his own interest, or help those who may need him.",81000011
,1,TV Show,Behind the Newsroom,9/14/2018,2015,TV-14,"Confident and cool under pressure, top news presenter Punchalee meets her match in the conniving Dao, who'll stop at nothing to fulfill her ambitions.",80243899
109,,Movie,Bleach,9/14/2018,2018,TV-14,"When high schooler Ichigo is suddenly given reaper abilities, he really wants to give the powers back. But he'll have to reap some souls first.",80217733
,1,TV Show,Boca Juniors Confidential,9/14/2018,2018,TV-PG,"Players, fans and staff of soccer powerhouse Boca Juniors provide an exclusive, behind-the-scenes look at Argentina's legendary club.",80220035
,1,TV Show,Car Masters: Rust to Riches,9/14/2018,2018,TV-PG,"The colorful crew at Gotham Garage overhauls an eclectic collection of cars and trucks, trading up to a showstopper they can sell for big bucks.",80194704
,1,TV Show,Norm Macdonald Has a Show,9/14/2018,2018,TV-MA,Comedian Norm Macdonald hosts his celebrity friends for casual conversations that range from silly to serious and take many unexpected turns.,80225949
100,,Movie,Still,9/14/2018,2010,TV-MA,"A haunted hotel, a body in a water tank, a nightclub fire and a prison death comprise four horror tales taken from Thailand's newspaper headlines.",80999985
,1,TV Show,Super Monsters Monster Party,9/14/2018,2018,TV-Y,"Sing along and move to this groovy collection of music videos featuring monster friends Katya, Lobo, Zoe, Drac, Cleo and Frankie!",81002336
114,,Movie,The Angel,9/14/2018,2018,TV-MA,"As his country prepares for war, top Egyptian official Ashraf Marwan makes contact with Israel and wades into a shadowy game of high-stakes espionage.",80188120
98,,Movie,The Land of Steady Habits,9/14/2018,2018,TV-MA,"After leaving his wife and his job to find happiness, Anders begins a clumsy, heartbreaking quest to reassemble the pieces of his fractured life.",80164779
,1,TV Show,The Rise of Phoenixes,9/14/2018,2018,TV-14,"When a secret from the past rears its head, a respected court scholar must choose between avenging her family and staying true to the prince she loves.",80993613
106,,Movie,American Warfighter,9/13/2019,2019,TV-MA,"A Navy SEAL haunted by wartime memories tries to rebuild his life at home, even as one last mission threatens to unravel everything.",81092328
87,,Movie,Deviant Love,9/13/2019,2019,TV-14,"In a tailspin after her marriage collapses, Jamie falls for a helpful gentleman whose interest in her welfare hides sinister motives.",81183572
90,,Movie,Head Count,9/13/2019,2018,TV-MA,A group of college students on a weekend getaway accidentally summon a supernatural entity intent on using them for its deadly ritual.,81037283
65,,Movie,"Hello, Privilege. It's Me, Chelsea",9/13/2019,2019,TV-MA,"In this documentary, Chelsea Handler explores how white privilege impacts American culture – and the ways it’s benefited her own life and career.",80244973
,1,TV Show,Kabaneri of the Iron Fortress: The Battle of Unato,9/13/2019,2019,TV-MA,"Ikoma and the Iron Fortress take their fight to the battlegrounds of Unato, joining the alliance to reclaim the region from the kabane horde.",81095103
105,,Movie,Locked on You,9/13/2019,2018,TV-14,"When his chatty nature lands him in trouble, an unlucky meatball seller flees Istanbul and finds a new life on a beautiful island.",81132438
,1,TV Show,Marianne,9/13/2019,2019,TV-MA,"Lured back to her hometown, a famous horror writer discovers that the evil spirit who plagues her dreams is now wreaking havoc in the real world.",80217779
,1,TV Show,Monarca,9/13/2019,2019,TV-MA,"After 20 years, Ana María returns to Mexico and vies for control of her family's tequila empire as it threatens to crumble under corruption and secrets.",80211572
107,,Movie,Shanghai Fortress,9/13/2019,2019,TV-14,A young man falls for a heroic general and soon follows her footsteps as humans defend Earth against extraterrestrials seeking a precious energy source.,81161230
103,,Movie,Tall Girl,9/13/2019,2019,TV-PG,"After years of slouching through life, 6-foot-1 teen Jodi resolves to conquer her insecurities and gets caught up in a high school love triangle.",81002412
88,,Movie,Time Trap,9/13/2019,2018,TV-14,"While searching for their missing archaeology professor, a group of students discovers a cave where time passes differently than it does on the surface.",81023636
,1,TV Show,Top Boy,9/13/2019,2019,TV-MA,"Two seasoned drug dealers return to the gritty streets of London, but their pursuit of money and power is threatened by a young and ruthless hustler.",80217669
,1,TV Show,Unbelievable,9/13/2019,2019,TV-MA,"After a young woman is accused of lying about a rape, two female detectives investigate a spate of eerily similar attacks. Inspired by true events.",80153467
100,,Movie,Reversing Roe,9/13/2018,2018,TV-14,"Through interviews with abortion rights supporters and opponents, this film lifts the lid on a decades-long political campaign to overturn Roe v. Wade.",80192834
78,,Movie,Ghost of the Mountains,9/13/2017,2017,G,An international group of filmmakers sets out on a mission to get up close and personal with a family of elusive snow leopards.,80198046
25,,Movie,Extremis,9/13/2016,2016,TV-PG,"Witness the wrenching emotions that accompany end-of-life decisions as doctors, patients and families in a hospital ICU face harrowing choices.",80106307
,1,TV Show,The I-Land,9/12/2019,2019,TV-MA,"Wiped clean of memories and thrown together, a group of strangers fight to survive harsh realities – and the island that traps them.",80993062
,1,TV Show,"The Mind, Explained",9/12/2019,2019,TV-14,"Ever wonder what's happening inside your head? From dreaming to anxiety disorders, discover how your brain works with this illuminating series.",81098586
96,,Movie,Turbo,9/12/2019,2013,PG,A speed-obsessed snail who dreams of being the world's greatest race car driver gets his chance when an accident imbues him with high-octane speed.,70267728
,1,TV Show,Life,9/12/2018,2018,TV-MA,"At Korea's top university medical center, ideals and interests collide between a patient-centered ER doctor and the hospital's newly-appointed CEO.",81011508
100,,Movie,On My Skin,9/12/2018,2018,TV-MA,"Arrested in Rome for a drug-related offense, Stefano Cucchi endures a harrowing week in custody that changes his family forever. Based on true events.",81001000
40,,Movie,Heroin(e),9/12/2017,2017,TV-14,"This documentary follows three women – a fire chief, a judge and a street missionary – as they battle West Virginia's devastating opioid epidemic.",80192445
71,,Movie,Jeff Dunham: Relative Disaster,9/12/2017,2017,TV-MA,Ventriloquist Jeff Dunham brings his rude and slightly demented posse of puppets to Ireland for a gleeful skewering of family and politics.,80158670
,1,TV Show,Daniel Sloss: Live Shows,9/11/2018,2018,TV-MA,"Comedian Daniel Sloss is ready to find the funny in some very dark topics, from the deeply personal to the truly irreverent.",80223685
,1,TV Show,If I were an Animal,9/11/2018,2018,TV-Y,"Curious kids Emma and her big brother Tim observe different animals as they make their way through various life milestones, from birth to adulthood.",80189586
123,,Movie,The Resistance Banker,9/11/2018,2018,TV-MA,"Risking his family and future, a banker in occupied Amsterdam slows the Nazi war machine by creating an underground bank to fund the resistance.",80244019
89,,Movie,The Forgotten,9/11/2017,2014,TV-MA,"After a teenager goes to live with his father in abandoned public housing, he hears strange noises and decides to investigate with his new friend.",80162143
67,,Movie,Bill Burr: Paper Tiger,9/10/2019,2019,TV-MA,"Bill Burr unloads on outrage culture, male feminism, cultural appropriation, robot sex and more in a blistering stand-up special shot in London.",81060174
140,,Movie,Eat Pray Love,9/10/2019,2010,PG-13,"After deciding to reshape her life after divorce, Liz travels around the world in search of good food, spirituality and true love.",70130445
96,,Movie,Evelyn,9/10/2019,2019,TV-MA,"Haunted by the suicide of a brother, a director and his kin walk across the U.K. in an emotionally trying, visually sublime journey toward healing.",80216928
93,,Movie,Our Godfather,9/10/2019,2019,TV-MA,"In 1986, Tommaso Buscetta became the first top-level Mafia boss ever to testify against the mob. It cost him and his family everything.",81001494
,1,TV Show,Terrace House: Tokyo 2019-2020,9/10/2019,2019,TV-MA,"Six strangers share a fabulous house in Tokyo, looking for love while living under the same roof. With no script, what happens next is all up to them.",81077065
86,,Movie,"My Teacher, My Obsession",9/10/2018,2018,TV-14,"When Riley changed schools, she didn't expect the girls to crush on her English teacher dad. And he didn't expect a disturbing infatuation.",80991570
96,,Movie,68 Kill,9/1/2019,2017,R,A hapless guy agrees to help his stunning – but psychotic – girlfriend rob her loathsome sugar daddy in a scheme as ill-conceived as it is violent.,80184129
102,,Movie,American Psycho,9/1/2019,2000,R,"With chiseled good looks that belie his insanity, a businessman takes pathological pride in yuppie pursuits and indulges in sudden homicidal urges.",60000861
108,,Movie,Dante's Peak,9/1/2019,1997,PG-13,"When a volcanologist comes to investigate the recent rumblings of a dormant volcano, a massive eruption has everyone in town fighting for their lives.",1151375
81,,Movie,Elena,9/1/2019,2012,TV-14,"In this documentary, the director remembers a sister who left behind her life under Brazil’s dictatorship and moved to New York with dreams of acting.",81137484
102,,Movie,First Kill,9/1/2019,2017,R,"A stock broker brings his young son back to the town where he grew up for a hunting trip, but things take a dangerous turn when they witness a crime.",80187228
93,,Movie,For the Birds,9/1/2019,2018,TV-MA,"A woman with a passion for fowl keeps a menagerie of birds that draws the ire of neighbors, animal rights advocates and even her own family.",81031008
87,,Movie,Igor,9/1/2019,2008,PG,"Igor, the brilliant but deformed assistant to mad Dr. Glickenstein, dreams of winning the Evil Science Fair and the heart of village beauty Gretchen.",70099119
94,,Movie,Just Friends,9/1/2019,2005,PG-13,"Years after high school, a once-portly nice guy comes home for the holidays and reunites with a former crush he still has feelings for.",70039185
,1,TV Show,Loo Loo Kids: Johny & Friends Musical Adventures,9/1/2019,2016,TV-Y,"Music-loving baby Johny goes on dance-filled adventures with his family, friends and adorable critters in this colorful, animated preschooler series.",81073764
100,,Movie,Mokalik (Mechanic),9/1/2019,2019,TV-14,A young boy's life shifts when he's sent to work at a mechanic's shop far from his suburban home until an opportunity forces him to make a tough choice.,81165769
88,,Movie,Mr. Woodcock,9/1/2019,2007,PG-13,"When a self-help author learns that his mother has fallen for his sadistic high school gym teacher, he tries to put a stop to their budding romance.",70056433
109,,Movie,My Sister's Keeper,9/1/2019,2009,PG-13,A former defense attorney finds herself back in court when she and her husband are sued for medical emancipation by their 11-year-old daughter.,70113003
138,,Movie,Mystic River,9/1/2019,2003,R,"Tragedy reunites childhood friends Sean, Dave and Jimmy when they're linked together in a murder investigation about Jimmy's teenage daughter.",60031232
149,,Movie,1-Oct,9/1/2019,2014,TV-MA,"Against the backdrop of Nigeria's looming independence from Britain, detective Danladi Waziri races to capture a killer terrorizing local women.",80032842
82,,Movie,Olmo & the Seagull,9/1/2019,2014,TV-MA,A pregnancy forces an actress out of her latest play and into a difficult confrontation with her own rapidly transforming reflection.,81137482
86,,Movie,Open Season,9/1/2019,2006,PG,"After saving a deer from a hunter's clutches, a domesticated grizzly finds himself relocated to the wild – and unprepared for the real world.",70043308
112,,Movie,Phone Swap,9/1/2019,2012,TV-14,A fashion designer and an arrogant businessman reluctantly try to help each other after accidentally swapping phones in the airport.,81165771
98,,Movie,Poseidon,9/1/2019,2006,PG-13,"A tidal wave spells disaster for a ship of New Year's Eve revelers when it capsizes the mammoth vessel, sending passengers into a battle for survival.",70044697
113,,Movie,Rachel Getting Married,9/1/2019,2008,R,Longstanding family conflicts resurface when a former model who's been in and out of rehab for a decade returns home for her sister's wedding.,70105368
,1,TV Show,Serial Killer with Piers Morgan,9/1/2019,2018,TV-14,"Through intense prison interviews, Piers Morgan revisits the crimes of three convicted serial killers and learns more about their motives.",80241003
47,,Movie,Spookley the Square Pumpkin,9/1/2019,2004,G,"When a storm terrorizes his patch, a pumpkin cast out for his shape must step up to use his smarts to save the day – and to prove himself.",81141689
106,,Movie,Stripes,9/1/2019,1981,R,"After losing everything, an indolent sad sack impulsively joins the U.S. Army and cajoles his best friend into enlisting, too.",1008581
113,,Movie,Superbad,9/1/2019,2007,R,Two best friends' quest to buy booze for a party in the hopes of scoring with girls leads them on a series of wacky misadventures.,70058023
119,,Movie,The Bridge,9/1/2019,2017,TV-14,A Yoruba prince and a young lady from a prominent Igbo family face tribal prejudice and parental pressure when they secretly wed.,81165786
109,,Movie,The CEO,9/1/2019,2016,TV-14,A group of executives heads to a telecommunications retreat to pick the firm's new CEO until they find themselves in a contest to win – and stay alive.,81165770
98,,Movie,The Lake House,9/1/2019,2006,PG,"A lonely doctor begins writing letters to the frustrated architect who lives in her former home, only to discover that they're living two years apart.",70043303
88,,Movie,The Last Exorcism,9/1/2019,2010,PG-13,"Ready to expose his miraculous deeds as mere trickery, a famed evangelist invites a documentary crew to film his final exorcism.",70136074
116,,Movie,The Saint,9/1/2019,1997,PG-13,"Hired by a Russian politician to steal the formula for cold fusion, master thief Simon Templar falls for the scientist who has unlocked the secret.",1153194
106,,Movie,The Taking of Pelham 123,9/1/2019,2009,R,"When a group of hijackers takes passengers aboard a subway train hostage and demand a ransom, it's up to dispatcher Walter Garber to bring them down.",70112730
,1,TV Show,Transformers Rescue Bots Academy,9/1/2019,2019,TV-Y,"As part of the first class at the Rescue Bots Academy, five Cybertron recruits train under their skilled teachers and take on daring rescue missions.",81154900
,1,TV Show,Transformers: Cyberverse,9/1/2019,2018,TV-Y7,Optimus Prime and the AllSpark are missing – and only a memory-scrambled Bumblebee holds the key to finding them in this animated sci-fi series.,81154956
95,,Movie,Uncle Naji in UAE,9/1/2019,2019,TV-14,"Two young Yemeni business partners decide to go on vacation in the UAE with a few local friends, but their fun trip soon turns terrifying.",81158575
95,,Movie,Used Goods,9/1/2019,2018,TV-MA,"To evade greedy pharmaceutical crooks, a medical scientist disguises himself as a struggling salesman to protect his groundbreaking cancer research.",81065786
113,,Movie,You Don't Mess with the Zohan,9/1/2019,2008,UR,An Israeli counterterrorism soldier with a secretly fabulous ambition to become a Manhattan hairstylist will do anything to make his dreams come true.,70087541
,1,TV Show,Age of Rebellion,9/1/2018,2018,TV-MA,"At their high school, a group of unruly teens wreak havoc, face bullies and navigate turbulent lives beyond school grounds.",81004113
122,,Movie,Barça Dreams,9/1/2018,2015,TV-14,Explore the history and philosophies behind one of the world's most beloved – and successful – soccer franchises: FC Barcelona.,81003984
110,,Movie,Brick,9/1/2018,2005,R,Teenage loner Brendan Fry navigates his high school's intense social network to discover a killer's identity after his secret crush is murdered.,70024088
104,,Movie,Carbon,9/1/2018,2017,TV-MA,"On the verge of losing his business, an entrepreneur launches a carbon tax scam that thrusts him into a web of criminals, intrigue and murder.",81005312
96,,Movie,Delirium,9/1/2018,2018,R,A man with a history of mental issues moves into his late parents' mansion and comes to suspect his new home may be haunted.,80082969
109,,Movie,Garbage,9/1/2018,2018,TV-MA,The lives of a fundamentalist online troll and a woman reeling from a sex tape gone viral become dangerously intertwined in this provocative thriller.,80994130
95,,Movie,Hope Aur Hum,9/1/2018,2018,TV-14,"A multigenerational household navigates daily life, evolving relationships and clashes between old and new mindsets in this light family drama.",81019924
110,,Movie,??Kuch Bheege Alfaaz,9/1/2018,2018,TV-14,"After accidentally connecting over the Internet, two strangers form a tight friendship – not knowing they already share a bond.",81018240
110,,Movie,Love and Shukla,9/1/2018,2017,TV-MA,"A sexually inexperienced rickshaw driver struggles to build intimacy with his shy new wife in their tiny, overcrowded quarters.",81013710
79,,Movie,Murder Party,9/1/2018,2007,NR,"A mild-mannered office drone plucks a Halloween party invitation off the street and suddenly finds himself the main event at a ""murder party.""",70077076
101,,Movie,Once Again,9/1/2018,2018,TV-PG,"After a chance phone call leads to daily conversations, a widowed restaurant owner and a lonely film actor plan to finally meet in person.",81014988
112,,Movie,Pee Mak,9/1/2018,2013,TV-MA,"Mak's friends just want to protect him, but his wife Nak won't let a small thing like her own death get in the way of true love in this horror-comedy.",80102950
,1,TV Show,Sisters,9/1/2018,2018,TV-MA,Her dad's deathbed confession leads Julia to discover she has more than 100 brothers and two sisters: troubled TV star Roxy and uptight lawyer Edie.,80994108
94,,Movie,Solo Con Tu Pareja,9/1/2018,1991,NR,A yuppie playboy looks for a quick death after being falsely diagnosed with AIDS by a nurse who was once cheated by the young Casanova.,70055221
94,,Movie,Sparring,9/1/2018,2017,TV-14,A middle-aged boxer with a mixed record becomes a champion's sparring partner while dreaming of one last chance to end his career with a victory.,81005314
86,,Movie,Stephanie,9/1/2018,2017,R,"A menacing, unseen force stalks a young girl living by herself in a suburban house, where she's surrounded by reminders of her once-happy family.",80242828
84,,Movie,Terrifier,9/1/2018,2017,TV-MA,"On Halloween night, inside a dilapidated apartment building, Art the Clown stalks his victims, slicing and slaughtering in terrifying silence.",81004223
95,,Movie,The Keeping Hours,9/1/2018,2017,PG-13,"Years after the death of their only child and subsequent divorce, a couple discovers that their son's ghost continues to inhabit their former home.",80198730
93,,Movie,The Perfect Day,9/1/2018,2018,TV-14,"French soccer fans, celebrities and athletes retrace the exhilarating events of July 12, 1998, as France earned a historic win in the World Cup final.",80999945
113,,Movie,The Promise,9/1/2018,2017,TV-MA,"In the wake of the 1997 financial crisis, two teens whose families face bankruptcy make a suicide pact – but one of them breaks the promise.",81016043
111,,Movie,The River Wild,9/1/2018,1994,PG-13,"A turbulent vacation turns deadly when a fugitive and his crew kidnap a river rafting guide and her family, forcing them down the dangerous river.",17672040
,1,TV Show,The Road to Calvary,9/1/2018,2017,TV-14,"Swept up in political unrest during World War I, two sisters in St. Petersburg cope with turbulent romances as Russian history is made around them.",81004162
68,,Movie,???? ????? : ??? ??,9/1/2018,2018,TV-Y7-FV,"Miniforce, a special task force of elite rangers, takes on the Lizard Army to save Earth before it’s too late, in this prequel to the TV series.",81011096
,1,TV Show,A Boy Name Flora A,9/1/2017,2017,TV-MA,A 28-year-old layabout begins to re-examine his life when his dysfunctional family assembles to pay respects to a dying grandmother who won’t pass on.,80188969
,1,TV Show,A House of Blocks,9/1/2017,2017,TV-MA,"Yijuan and her mentally ill sister Kaiqi struggle to be happy in the face of misfortune, criminal intrigue, marital strife, an exorcism and a ghost.",80189155
148,,Movie,Aakhri Adaalat,9/1/2017,1988,TV-14,An intrepid police inspector forced into a desk job must take matters into his own hands when ruthless criminals are released on a technicality.,20254278
54,,Movie,"Alias JJ, la celebridad del mal",9/1/2017,2017,TV-14,"Witnesses and public figures respond to controversial claims about Pablo Escobar made by the Medellín Cartel's sole survivor, John Jairo Velásquez.",80203742
,1,TV Show,All About Love,9/1/2017,2017,TV-14,Mysterious ghosts – determined to reconnect with the living world – begin to cross over and disrupt the lives of those they left behind.,80189208
92,,Movie,Berserk: The Golden Age Arc II - The Battle for Doldrey,9/1/2017,2012,TV-MA,"For three years, Guts believed his mission was to pursue Griffith's dream together with him. But in order to become Griffith's equal and truly be called his friend, Guts realizes he will have to leave the Band of the Hawk.",70276596
107,,Movie,Berserk: The Golden Age Arc III - The Advent,9/1/2017,2013,TV-MA,"A year after he left the Band of the Hawk, Guts rejoins them in an epic battle to vanquish the God Hand and save Griffith from a hellish fate.",80063025
90,,Movie,Brother's Shadow,9/1/2017,2006,TV-14,"After serving time in jail, a disgraced son returns to the family business in New York, where he struggles to fill the shoes of his late twin brother.",70068739
135,,Movie,Chadi Jawani Budhe Nu,9/1/2017,1976,TV-PG,"After reaching his 40th birthday, an egotistical businessman kicks off his midlife crisis by deciding to secure a mistress.",80158389
52,,Movie,Concrete Football,9/1/2017,2016,TV-MA,"The development of professional soccer worldwide owes a great debt to the soccer – or ""football"" – that is played on the streets of France.",80184974
151,,Movie,Ek Jaan Hain Hum,9/1/2017,1983,TV-14,"While trying to win over his beloved’s parents, a young man is accused of arson, and his father soon realizes insanity may be his only defense.",80156941
,1,TV Show,FINAL FANTASY XIV Dad of Light,9/1/2017,2017,TV-PG,A father and son rekindle their bond through the online role-playing game Final Fantasy XIV in this live-action series based on a true story.,80178543
,1,TV Show,Gurren Lagann,9/1/2017,2007,TV-14,"When a young laborer escapes to the world aboveground, he discovers a violent land in which humans battle robots controlled by a power-hungry noble.",70213196
,1,TV Show,High Risk,9/1/2017,1988,TV-G,"From scientists to snake handlers, this series explores what motivates some people to put themselves in jeopardy to perform extraordinary feats.",70208520
90,,Movie,Incorruptible,9/1/2017,2015,TV-MA,"In the streets of Senegal, a youth movement rises up against a regime bent on retaining power in this chronicle of the nation's stormy 2012 elections.",80061314
88,,Movie,Inuyasha the Movie - L'isola del fuoco scarlatto,9/1/2017,2004,NR,"Ai, a young half-demon who has escaped from Horai Island to try to help his people, returns with potential saviors InuYasha, Sesshomaru and Kikyo.",70052492
99,,Movie,Inuyasha the Movie - La spada del dominatore del mondo,9/1/2017,2003,NR,The Great Dog Demon beaqueathed one of the Three Swords of the Fang to each of his two sons. Now the evil power of the third sword has been awakened.,70036200
99,,Movie,InuYasha: The Movie 2: The Castle Beyond the Looking Glass,9/1/2017,2002,NR,"With their biggest foe seemingly defeated, InuYasha and his friends return to everyday life. But the peace is soon shattered by an emerging new enemy.",70018513
132,,Movie,Khoon Khoon,9/1/2017,1973,TV-14,"As a crazed killer blazes a trail of blood through an anxious city, a hardened cop aims to take him down by any means in this remake of “Dirty Harry.”",80158480
,1,TV Show,LEGO Elves: Secrets of Elvendale,9/1/2017,2017,TV-Y7,"Armed with a powerful amulet, a teenage guardian is tasked with protecting her little sister – and all of Elvendale. Based on the popular web series.",80105933
95,,Movie,Little Evil,9/1/2017,2017,TV-MA,"In this horror-comedy, a recently married man who wants to bond with his stepson begins to fear that the boy is a demon.",80139506
155,,Movie,Lorai: Play to Live,9/1/2017,2015,TV-14,"Under a government initiative, a retired alcoholic soccer player is sent to establish a soccer team in a politically troubled area.",80205314
,1,TV Show,Maniac,9/1/2017,2015,TV-MA,"A nondescript man in a mental hospital has an exciting life of adventure and romance – in his head. He may be insane, or maybe he's just having fun.",80133200
162,,Movie,Manoranjan,9/1/2017,1974,TV-14,"After getting fired, a police officer connects with a prostitute he met on the job in a red-light district and sets out to keep her off the streets.",80158545
163,,Movie,Mujrim,9/1/2017,1989,TV-14,"Jailed as a teenager, Shankar has been unable to stay on the right side of the law ever since, despite his wife's pleas and his mother's rejection.",80156939
102,,Movie,Naruto Shippuden : Blood Prison,9/1/2017,2011,TV-14,"Mistakenly accused of an attack on the Fourth Raikage, ninja Naruto is imprisoned in the impenetrable Hozuki Castle and his powers are sealed.",80152537
96,,Movie,Naruto Shippûden the Movie: The Will of Fire,9/1/2017,2009,TV-14,"When four out of five ninja villages are destroyed, the leader of the one spared tries to find the true culprit and protect his land.",80045673
85,,Movie,Naruto Shippuden: The Movie: The Lost Tower,9/1/2017,2010,TV-14,"When Naruto is sent to recover a missing nin, the rogue manages to send him 20 years into the past, where he unites with his father to battle evil.",70275937
97,,Movie,Naruto the Movie 2: Legend of the Stone of Gelel,9/1/2017,2005,NR,"While on a mission to return a missing pet, Naruto and two fellow ninjas are ambushed by brutal knights led by the enigmatic Temujin.",70101321
95,,Movie,Naruto the Movie 3: Guardians of the Crescent Moon Kingdom,9/1/2017,2006,NR,"Exuberant ninja Naruto teams up with his pals Sakura and Kakashi to escort Prince Michiru and his son, Hikaru, to the Crescent Moon kingdom.",70108386
83,,Movie,Naruto the Movie: Ninja Clash in the Land of Snow,9/1/2017,2004,NR,"Naruto, Sasuke and Sakura learn they'll be protecting an actress from being hurt while making her next film, but it turns out she's a princess.",70074559
89,,Movie,Offline - Das leben ist kein bonuslevel,9/1/2017,2016,TV-MA,Competitive gamer Jan finds his life thrown for a loop when his bitter rival hacks his identity just before a high-stakes tournament.,80162197
28,,Movie,Resurface,9/1/2017,2017,TV-MA,A suicidal war veteran finds like-minded souls in a surf therapy program that helps traumatized soldiers heal while riding the waves.,80184055
103,,Movie,Rocco,9/1/2017,2016,TV-MA,Italian porn star Rocco Siffredi is showcased in this documentary that shadows the legendary performer during his final year in front of the camera.,80160358
84,,Movie,She's Gotta Have It,9/1/2017,1986,R,"A free-spirited woman can't choose between a trio of ill-suited suitors: relationship-minded Jamie, shallow male model Greer and bike messenger Mars.",60034929
160,,Movie,Sohni Mahiwal,9/1/2017,1984,TV-PG,"After being violently separated from the woman he loves, a young man must disguise himself in order to keep meeting her.",80157134
113,,Movie,The Distinguished Citizen,9/1/2017,2016,TV-MA,"Worried he’s lost his artistic edge, a wealthy expat novelist returns to his backwater hometown in Argentina, where he’s regarded as a local hero.",80141891
99,,Movie,The Drowning,9/1/2017,2016,TV-MA,"Child psychologist Tom Seymour's testimony helped convict a boy of murder. Years later, their paths cross again, raising uncomfortable questions.",80183897
86,,Movie,The Guardian Brothers,9/1/2017,2016,TV-Y7-FV,"When a Chinese family's soup shop is targeted for sabotage by a competitor, two guardians from the spirit world leave retirement to protect them.",80177834
83,,Movie,The Last Shaman,9/1/2017,2016,TV-MA,"In a last-ditch effort to prevent suicide, a clinically depressed young man travels to the Amazon to engage in an ancient hallucinatory ritual.",80121855
113,,Movie,The Lost Brother,9/1/2017,2017,TV-MA,"While settling the affairs of his murdered mother and brother, a man partners with a local thug in a life insurance scam, putting him on a dark path.",80168028
,1,TV Show,Tip the Mouse,9/1/2017,2014,TV-Y,"In his tiny meadow village, curious little mouse Tip enjoys fun and adventure while learning about the world with his furry friends and family.",80200913
86,,Movie,Todo Sobre El Asado,9/1/2017,2016,TV-14,"This quirky examination of Argentina's culture, customs and cuisine slices into the country's traditional barbecue – which is both meal and ritual.",80190990
78,,Movie,Who the F**k Is That Guy?,9/1/2017,2017,TV-MA,"Take a ride through the life of record exec Michael Alago, a gay Puerto Rican New Yorker who signed a slew of musical acts, including Metallica.",80173269
111,,Movie,A Noble Intention,9/1/2016,2015,NR,"In 1888 Amsterdam, a headstrong violin maker finds himself immersed in peril and tragedy after challenging businessmen who threaten his community.",80106140
88,,Movie,Bon Bini Holland,9/1/2016,2015,TV-14,"On the island of Curaçao, an amiable scam artist angers gangsters and flees to Holland, where his conscience is torn between a woman and a new scheme.",80106137
,1,TV Show,Conspiracy,9/1/2016,2015,TV-14,"Skeptics and others discuss widely held conspiracy theories involving aliens, government cover-ups, secret assassinations and other intrigues.",80118873
,1,TV Show,Dead Set,9/1/2016,2008,TV-MA,"While the housemates in the Big Brother house remain oblivious, fast-moving hordes of the undead decimate the studio compound.",70229514
93,,Movie,Dukhtar,9/1/2016,2014,TV-14,A young mother embarks on a desperate quest for freedom when she kidnaps her 10-year-old daughter to save her from a tribal marriage.,80114155
,1,TV Show,Easy Fortune Happy Life,9/1/2016,2009,TV-14,"Years after a wealthy man is healed by a rural herbalist, fate lands him in the same hospital where the woman's granddaughter is treating patients.",70303288
29,,Movie,Figaro Pho,9/1/2016,2008,TV-Y7,Quirky little Figaro has a whole alphabet's worth of phobias. These wordless animated shorts follow his many fears from A to Z.,80118841
88,,Movie,Full Out,9/1/2016,2015,TV-PG,"After a debilitating accident ends her Olympic dreams, gymnast Ariana Berlin finds recovery and hope in the world of hip-hop and college athletics.",80102579
,1,TV Show,Game Winning Hit,9/1/2016,2009,TV-PG,An army deserter hiding out in a small coastal town becomes the coach of a youth baseball team and develops warm relationships in his new community.,80111273
103,,Movie,Holy Hell,9/1/2016,2016,NR,An ex-member charts his path from idealism to disenchantment in a California cult when alarming revelations about the group's leader come to light.,80097438
,1,TV Show,Lucky Days,9/1/2016,2010,TV-14,"When laidback Ren, who is about to divorce his money-crazy wife, finds a time-traveling computer, he decides to use it to reboot his marriage.",80111710
107,,Movie,Off Course,9/1/2016,2015,TV-MA,"Fed up with the uselessness of their degrees and swayed by a TV commercial, two Spaniards head to Berlin for work but find it not quite as advertised.",80114419
52,,Movie,Saudi Arabia Uncovered,9/1/2016,2016,TV-14,"Undercover cameras expose public floggings, executions and other brutality in Saudi Arabia, and introduce those risking their own lives for change.",80118888
,1,TV Show,Station Horizon,9/1/2016,2015,TV-MA,"Ex-con Joris returns to his Swiss hometown, a community obsessed with American culture and ideals, to start over and save his family's gas station.",80128337
,1,TV Show,The Fierce Wife,9/1/2016,2010,TV-14,Beautiful housewife Xie An Zhen seems to be living the perfect life but finds her world crumbling after learning that her husband is cheating on her.,70303289
,1,TV Show,The Womanizer,9/1/2016,2010,TV-PG,Libertine He-jie finds himself torn between the lovely Amanda and fiery Xiao-qian. But now he faces a new problem: arrogant rival suitor Cheng-en.,80111614
,1,TV Show,The Year of Happiness and Love,9/1/2016,2009,TV-14,"Jiang Chen-bo is a loser without prospects for success, until a surprise promotion becomes the catalyst for his entire family's upturn in fortune.",80111275
91,,Movie,We Need to Talk,9/1/2016,2016,TV-MA,"A happy woman's new love is going great, but she needs one thing: divorce papers from her depressed ex. To get them, trickery may be in order.",80103426
,1,TV Show,Witches: A Century of Murder,9/1/2016,2015,TV-14,"Historian Suzannah Lipscomb investigates the witch hunts that plagued Britain in the 17th century, examining common myths about their origin.",80118889
75,,Movie,Iliza Shlesinger: War Paint,9/1/2013,2013,NR,"""Last Comic Standing"" winner Iliza Shlesinger unleashes her acerbic, stream-of-conscious comedy on an unsuspecting audience in her hometown of Dallas.",70278877
106,,Movie,After,10/9/2019,2019,PG-13,"Wholesome college freshman Tessa Young thinks she knows what she wants out of life, until she crosses paths with complicated bad boy Hardin Scott.",80244311
87,,Movie,Home Is Where the Killer Is,10/9/2019,2019,TV-14,"Recovering from cancer, a young woman thinks she’s found a friend when she rents a room from a caring ex-doctor. But empathy soon becomes obsession.",81183570
,1,TV Show,Rhythm + Flow,10/9/2019,2019,TV-MA,"In this music competition show, judges Tip “T.I.” Harris, Cardi B and Chance the Rapper hit the streets to find the next rap superstar.",80216665
96,,Movie,Garuda Di Dadaku,10/9/2018,2009,TV-PG,"A determined boy will do anything to become a great soccer player, despite the wishes of his grandfather.",81016328
57,,Movie,Mo Amer: The Vagabond,10/9/2018,2018,TV-MA,"Arab-American comedian Mo Amer recounts his life as a refugee comic, from traveling with the name Mohammed to his long path to citizenship.",80239503
98,,Movie,Surat Dari Praha,10/9/2018,2016,TV-14,"Hoping to fulfill her deceased mother's final wish, a young woman travels to Prague to deliver an old letter to a mysterious man.",81016321
99,,Movie,Winter on Fire: Ukraine's Fight for Freedom,10/9/2015,2015,NR,"Over 93 days in Ukraine, what started as peaceful student demonstrations became a violent revolution and full-fledged civil rights movement.",80031666
70,,Movie,Deon Cole: Cole Hearted,10/8/2019,2019,TV-MA,"Embracing his belief that comedy is the last raw form of expression, Deon Cole explains the right time to thank Jesus and the wrong time to say ""welp.""",80995737
46,,Movie,The Spooky Tale of Captain Underpants Hack-a-ween,10/8/2019,2019,TV-Y7,"When Melvin tries to cancel Halloween, clever best friends Harold and George create their own spooky holiday – and it's a huge success!",81021976
119,,Movie,Pulang,10/8/2018,2018,TV-14,"Thom tells her grandson about his grandfather, a sailor who left 61 years ago to seek his fortune, and asks him to find out what happened to her spouse.",81020161
111,,Movie,The Water Diviner,10/7/2019,2014,R,"Years after the presumed death of his three sons in battle, a grieving farmer journeys to Turkey to find them and return them to their homeland.",80025390
80,,Movie,Chris Brown: Welcome to My Life,10/7/2017,2017,TV-MA,"Featuring interviews, concert footage and behind-the-scenes access, this documentary delivers fans an all-access look at the life of Chris Brown.",80196216
101,,Movie,13TH,10/7/2016,2016,TV-MA,"In this thought-provoking documentary, scholars, activists and politicians analyze the criminalization of African Americans and the U.S. prison boom.",80091741
73,,Movie,Russell Peters: Almost Famous,10/7/2016,2016,TV-MA,"The comic comes home to Toronto to sound off on cultural quirks, kids' furniture and bathroom visits, reveling in all things ridiculously human.",80115464
,1,TV Show,StoryBots Super Songs,10/7/2016,2016,TV-Y,"Characters from the popular StoryBots apps for early childhood education give musical lessons on math, science, history, behaviors, emotions and more.",80113144
108,,Movie,The Siege of Jadotville,10/7/2016,2016,TV-MA,"Besieged by overwhelming enemy forces, Irish soldiers on a U.N. peacekeeping mission in Africa valiantly defend their outpost in this true story.",80041653
101,,Movie,Love for Sale,10/6/2019,2018,TV-14,"Richard accepts a bet that he can't find a companion to a friend's wedding, not knowing the dating app he's using includes a 45-day contract.",81016338
92,,Movie,Jackpot,10/6/2018,2015,TV-14,A lottery ticket salesperson faces an ethical dilemma after setting aside a soon-to-be winning ticket for a customer to pick up and pay for later.,81002592
94,,Movie,Seven in Heaven,10/6/2018,2018,PG-13,Two teenagers step into a secret closet and emerge in a terrifying alternate reality. They must find their way back before the door shuts forever.,81017724
,1,TV Show,ID-0,10/6/2017,2017,TV-14,"In the midst of a field exercise operating I-Machines, Alliance Academy student Maya Mikuri is thrown into an entirely different kind of adventure.",80174918
107,,Movie,Kung Fu Yoga,10/6/2017,2017,TV-PG,Two mismatched archaeologists battle a team of vicious mercenaries in a race to discover an ancient Tibetan treasure of unimaginable worth.,80170301
106,,Movie,The Death and Life of Marsha P. Johnson,10/6/2017,2017,TV-MA,"As she fights the tide of violence against trans women, activist Victoria Cruz probes the suspicious 1992 death of her friend Marsha P. Johnson.",80189623
,1,TV Show,Legend Quest: Masters of Myth,10/5/2019,2019,TV-Y7,"When mythical creatures come to life, it's up to Leo, Teodora, Don Andrés and Alebrije – super-secret monster hunters – to save the day.",80215730
,1,TV Show,My Country: The New Age,10/5/2019,2019,TV-14,"At the end of the Goryeo period, there were those who led the charge to proclaim a new age – and the ordinary individuals who risked everything.",81161487
109,,Movie,Noblemen,10/5/2019,2019,TV-MA,"When he lands the lead in his Christian school's production of ""The Merchant of Venice,"" a secretly gay student is bullied by wealthy upperclassmen.",81177367
151,,Movie,Cahaya Dari Timur Beta Maluku,10/5/2018,2014,TV-14,"After witnessing a child’s death during a violent clash, a former soccer player launches a youth team to help local kids avoid further bloodshed.",81016323
,1,TV Show,Dancing Queen,10/5/2018,2018,TV-14,Snatching trophies. Getting gorgeous. Turning it up. Alyssa Edwards rules the dance studio by day – and the drag world by night.,80198511
74,,Movie,Emma' (Mother),10/5/2018,2016,TV-PG,"In 1950s Makassar, the life of a devoted mother is upended when another woman enters her husband's life.",81016318
,1,TV Show,Empire Games,10/5/2018,2018,TV-14,Interviews with scholars and dramatic reenactments bring to life the origins and history-making achievements of the world's greatest ancient empires.,80240840
,1,TV Show,LOST SONG,10/5/2018,2018,TV-14,"War looms over the kingdom of Neunatia, where two young women are both burdened and blessed by the power of song.",80191369
89,,Movie,Malevolent,10/5/2018,2018,TV-MA,"A brother-sister team who fake paranormal encounters for cash get more than they bargained for when a job at a haunted estate turns very, very real.",80242081
124,,Movie,Private Life,10/5/2018,2018,R,"Struggling to conceive, a couple in their 40s are almost out of options – until a sliver of hope arrives in the form of their visiting step-niece.",80168222
25,,Movie,Super Monsters Save Halloween,10/5/2018,2018,TV-Y,"The Super Monsters use their powers to get their neighbors in the Halloween spirit, then help a nervous friend see there's nothing to be afraid of.",80999063
,1,TV Show,YG Future Strategy Office,10/5/2018,2018,TV-MA,"K-pop star Seungri, BIGBANG's youngest member, tries to lead a team of bumbling staff at YG's Future Strategy Office in this mockumentary sitcom.",80220650
100,,Movie,A Plastic Ocean,10/4/2019,2016,TV-PG,"When he discovers the world's oceans brimming with plastic waste, a documentary filmmaker investigates the pollution's environmental impacts.",80164032
110,,Movie,Brother in Love,10/4/2019,2019,TV-14,"A robbery leaves a proprietor penniless before his wedding, but becoming a son-in-law to a second family might be the financial solution he needs.",81158574
102,,Movie,In the Tall Grass,10/4/2019,2019,TV-MA,"After hearing a boy's cry for help, a pregnant woman and her brother wade into a vast field of grass, only to discover there may be no way out.",80237905
102,,Movie,Kids on the Block,10/4/2019,2019,TV-PG,"When their fun in the park is threatened by a neighborhood nagger, a group of friends declares war to play freely on their turf.",81132440
,1,TV Show,Raising Dion,10/4/2019,2019,TV-PG,A widowed mom sets out to solve the mystery surrounding her young son's emerging superpowers while keeping his extraordinary gifts under wraps.,80117803
24,,Movie,Super Monsters: Vida's First Halloween,10/4/2019,2019,TV-Y,"The Super Monsters share their Halloween traditions with Vida, then get invited to a Día de los Muertos party in the Howlers' backyard.",81021243
84,,Movie,Compulsion,10/4/2018,2016,TV-MA,"Lured to a majestic, remote villa by an old lover, an erotic novelist finds herself falling for a mysterious woman and descending into a moral abyss.",81004460
121,,Movie,The Dreamer,10/4/2018,2009,TV-PG,"A trio of friends struggles to make it through adolescence, all while hoping that bigger and better things await them.",81016330
85,,Movie,The Haunting of Molly Hartley,10/4/2018,2008,PG-13,"A troubled teenage girl hopes to start fresh at a new school, but the horrifying truth about her past is destined to catch up with her.",70105130
,1,TV Show,Violet Evergarden: Special,10/4/2018,2018,TV-PG,"Auto Memory Doll Violet Evergarden writes letters for people who can’t, learning about her war-torn country and her own hardened heart along the way.",81010662
25,,Movie,LEGO Jurassic World: The Indominus Escape,10/4/2016,2016,TV-Y7,The scientists of Jurassic World create a captivating and terrifying new creature that loves hot dogs. But what happens when the hot dogs run out?,80141858
65,,Movie,Grego Rossello: Disculpe las molestias,10/31/2019,2019,TV-MA,"Argentine comedian Grego Rossello takes the stage in Buenos Aires to share his takes on modern stardom, airline dining, brotherly love and more.",81084225
,1,TV Show,Nowhere Man,10/31/2019,2019,TV-MA,"Two nefarious schemes taking place 10 years apart entangle a dauntless triad member, who must break out of prison to rescue a loved one.",80203920
,1,TV Show,Sleepless Society: Bedtime Wishes,10/31/2019,2019,TV-MA,"During a holiday stay at a hotel resort, a flight attendant encounters a wealthy, mysterious man with two different personas.",80242051
126,,Movie,Gun City,10/31/2018,2018,TV-MA,"In 1921 Barcelona, amid unrest between anarchists and the police, a cop plays both sides to learn who stole army weapons that could ignite a civil war.",80199806
118,,Movie,Heneral Luna,10/31/2018,2015,R,Flashbacks reveal Gen. Antonio Luna's tireless fight for Filipino independence from the U.S. and his leadership in the Philippine-American War in 1899.,80084834
84,,Movie,Judah Friedlander: America Is the Greatest Country in the United States,10/31/2017,2017,TV-MA,"Deadpan comic and self-proclaimed world champion Judah Friedlander performs over several nights in New York, explaining why America is No. 1.",80208273
76,,Movie,The B-Side: Elsa Dorfman's Portrait Photography,10/31/2017,2016,TV-MA,"Filmmaker Errol Morris probes the life, work and studio of his pal Elsa Dorfman, a Polaroid photographer who's shot luminaries and regular folk alike.",80145699
,1,TV Show,Zumbo's Just Desserts,10/31/2017,2016,TV-14,"Dessert wizard Adriano Zumbo looks for the next “Willy Wonka” in this tense competition that finds skilled amateurs competing for a $100,000 prize.",80204927
85,,Movie,Kristy,10/31/2015,2013,NR,"Opting to stay on campus over the Thanksgiving holiday, coed Justine and a handful of friends find their break violently disrupted by a sadistic gang.",70266684
,1,TV Show,"Bring It On, Ghost",10/30/2019,2016,TV-14,A college student with psychic abilities takes in an amnesiac ghost as his roommate – who ends up helping him hunt down spooky spirits.,81166978
126,,Movie,Mehandi Circus,10/30/2019,2019,TV-14,"In the early 1990s, the love between a cassette shop owner and a traveling circus performer challenges caste barriers and disapproving parents.",81177371
,1,TV Show,Tomorrow with You,10/30/2019,2017,TV-14,The head of a real estate firm with the ability to travel through time by taking the subway marries a photographer to try and change his future.,81167029
,1,TV Show,Tunnel,10/30/2019,2019,TV-MA,A detective finds himself 30 years in the future and must solve a string of grisly crimes before he can return to the past.,81142594
116,,Movie,My Brother ... Nikhil,10/30/2018,2005,TV-PG,"After being diagnosed HIV-positive, a champion swimmer is disowned and harassed by all except his loving sister and loyal boyfriend.",70067230
122,,Movie,Shorgul,10/30/2018,2016,TV-14,A Hindu boy's feelings for a Muslim girl expose the tensions between their two communities and open the door to chaos and violence.,80207446
105,,Movie,Siddhant,10/30/2018,2014,TV-G,A principled mathematics teacher is shocked to discover that his grandson used unethical means to achieve academic success.,80207447
,1,TV Show,The Degenerates,10/30/2018,2018,TV-MA,Six stand-ups explore the coarse and salacious side of comedy in this series of half-hour specials. For mature audiences.,80987753
90,,Movie,The Jungle School,10/30/2018,2013,TV-PG,An idealistic young woman travels to the jungles of Indonesia to teach literacy – and much more – to local children.,81016324
75,,Movie,SPF-18,10/30/2017,2017,PG-13,The arrival of an enigmatic struggling musician in Malibu shakes the ground beneath the feet of a teenage girl and her surfer boyfriend.,80192097
96,,Movie,Forks Over Knives,10/3/2019,2011,PG,"According to the research of two food scientists, the popularity of processed foods has led to epidemic rates of obesity, diabetes and other diseases.",70185045
,1,TV Show,Seis Manos,10/3/2019,2019,TV-MA,"Orphans raised by a martial arts master are plunged into a mystery involving demonic powers, drug cartels, ancient rituals and blood sacrifice.",80217066
25,,Movie,Benji's Very Own Christmas Story,10/3/2018,1978,TV-G,"While on a press tour, Benji goes behind the scenes of Santa's workshop. But Santa has a devastating secret, so it's up to Benji to save Christmas.",70002129
121,,Movie,The Black Prince,10/3/2018,2017,PG-13,"After being exiled to England as a child, a Punjabi prince struggles to return to his homeland and his Sikh faith in this historical drama.",80191963
88,,Movie,Truth or Dare,10/3/2018,2017,TV-MA,"A game of ""Truth or Dare"" among college friends on spring break turns deadly when a demon seems determined to use it to kill them all.",80218099
90,,Movie,Cult of Chucky,10/3/2017,2017,R,"Following a string of murders in the asylum where she's confined, Nica Pierce begins to wonder whether Chucky is real after all.",80199767
66,,Movie,Rodney Carrington: Here Comes the Truth,10/3/2017,2017,TV-MA,"Raunchy country comic and musician Rodney Carrington jokes and sings about life in his 40s, poking fun at sex, relationships and gaining weight.",80191665
92,,Movie,Security,10/3/2017,2017,R,"After taking a job as a mall security guard, a former Marine steps up to protect a young girl who's being hunted by heavily armed mercenaries.",80161921
63,,Movie,Arsenio Hall: Smart & Classy,10/29/2019,2019,TV-MA,"In his first stand-up special, Arsenio Hall discusses getting older, the changing times and culture, social issues and even bothersome baby toes.",81148672
,1,TV Show,Shine On with Reese,10/29/2019,2018,TV-14,"In a talk show straight from the heart, actor and producer Reese Witherspoon visits with groundbreaking women to discuss their inspiring journeys.",81169914
14,,Movie,The Road to El Camino: Behind the Scenes of El Camino: A Breaking Bad Movie,10/29/2019,2019,TV-14,"Aaron Paul, Vince Gilligan and other cast members, producers and crew share stories and footage from the making of ""El Camino.""",81211714
87,,Movie,Kings,10/29/2018,2017,R,A foster mom and her houseful of kids befriend a bitter neighbor after the Rodney King verdict is handed down in 1992 Los Angeles.,80224362
92,,Movie,Pup Star,10/29/2016,2016,G,"After a singing pup with big dreams of stardom gets dognapped and escapes with a friend's help, her journey home is a fun, music-filled adventure.",80092857
28,,Movie,A 3 Minute Hug,10/28/2019,2019,TV-PG,This documentary captures the joy and heartbreak of families separated by the U.S.-Mexico border sharing a short but bittersweet reunion in 2018.,80244679
20,,Movie,Little Miss Sumo,10/28/2019,2018,TV-G,"In an ancient sport traditionally reserved for men, 20-year-old female sumo prodigy Hiyori attempts to revolutionize Japan’s national pastime.",81110394
102,,Movie,Equals,10/28/2018,2015,PG-13,Two young lovers depart from the norm simply by having romantic feelings for each other in a society where humans have been relieved of all emotions.,80067754
93,,Movie,Pup Star: Better 2Gether,10/28/2017,2017,PG,Returning Pup Star champ Tiny has her Yorkie paws full after an evil rival replaces her with street dog Scrappy during the national competition.,80189954
89,,Movie,I Am the Pretty Thing That Lives in the House,10/28/2016,2016,TV-14,A nervous nurse who scares easily finds herself caring for an ailing horror novelist while living in a house with hidden secrets.,80094648
107,,Movie,Into the Inferno,10/28/2016,2016,TV-PG,"With stunning views of eruptions and lava flows, Werner Herzog captures the raw power of volcanoes and their ties to indigenous spiritual practices.",80066073
94,,Movie,The African Doctor,10/28/2016,2016,TV-PG,"Happily escaping a dictatorship, a Congolese doctor transplants his family to a small French village, where culture shock sets in for everyone.",80123740
110,,Movie,They Are Everywhere,10/28/2016,2016,TV-MA,"In counseling sessions with his therapist, preoccupied Yvan shares stories of anti-Semitism and what it's like to live as a Jew in modern France.",80123741
,1,TV Show,Trailer Park Boys: Out of the Park: Europe,10/28/2016,2016,TV-MA,"The Trailer Park Boys are thrilled to get a free trip to Europe, until they arrive and learn about their corporate sponsor's unusual requirements.",80094260
81,,Movie,West Coast,10/28/2016,2016,TV-MA,Four small-town French teens who style themselves after American rappers set out to avenge a classroom insult and end up on a mind-blowing adventure.,80123742
,1,TV Show,"Wait, My Youth",10/27/2019,2019,TV-PG,"Six hopeful friends journey into adulthood to create the moments that pull them together, draw them apart and make them fall in love.",81197399
89,,Movie,14 Cameras,10/27/2018,2018,TV-MA,"Upping the “13 Cameras” ante, this sequel finds a family renting a vacation house that’s been customized to violate their privacy.",81000863
94,,Movie,Dragon Tiger Gate,10/27/2018,2006,TV-MA,Dragon and his fellow students at Dragon Tiger Gate martial arts school team up to battle the ferocious villain Shibumi.,70082255
,1,TV Show,Beyond Stranger Things,10/27/2017,2017,TV-14,"Secrets from the ""Stranger Things 2"" universe are revealed as cast and guests discuss the latest episodes with host Jim Rash. Caution: spoilers ahead!",80197912
98,,Movie,Joan Didion: The Center Will Not Hold,10/27/2017,2017,TV-14,"Literary icon Joan Didion reflects on her remarkable career and personal struggles in this intimate documentary directed by her nephew, Griffin Dunne.",80117454
77,,Movie,7 años,10/27/2016,2016,TV-MA,Loyalties are tested and cruelties revealed when four business partners spend a tense evening debating who will pay for the crime they committed.,80095197
85,,Movie,Manson Family Vacation,10/27/2015,2015,NR,"The pleasant family life of an L.A. attorney is disrupted by the sudden arrival of his brother, who is obsessed with the Charles Manson murders.",80045783
,1,TV Show,A Little Thing Called First Love,10/26/2019,2019,TV-G,A shy college student with a knack for drawing develops a crush on a musically gifted classmate and embarks on a journey of self-discovery.,81185502
88,,Movie,The Last Whistle,10/26/2019,2019,PG,"After a star player dies during football practice, his coach’s career and reputation are on the line as he refuses to quit his win-at-all-costs style.",81123469
100,,Movie,Been So Long,10/26/2018,2018,TV-MA,A single mother in London's Camden Town hears music when she meets a handsome stranger with a past. But she's not sure she's ready to open her heart.,80211622
126,,Movie,Dovlatov,10/26/2018,2018,PG-13,"Over six days in 1971, brilliant writer Sergei Dovlatov encounters maddening barriers to publishing his work under the repressive Soviet regime.",80990221
89,,Movie,Incoming,10/26/2018,2019,TV-MA,"When an imprisoned terrorist cell hijacks a high-security prison in outer space, a CIA agent becomes the one chance of stopping them.",80202352
90,,Movie,Jefe,10/26/2018,2018,TV-MA,"A rude, self-centered businessman seems to be on the brink of losing everything until a night janitor at his office helps him find redemption.",80235268
87,,Movie,Santo Cachón,10/26/2018,2018,TV-14,A man whose wife is repeatedly cheating on him turns to his friends for support in this wacky comedy.,80992500
97,,Movie,Shirkers,10/26/2018,2018,TV-14,"In 1992, Sandi Tan and her friends shot a quirky film on the streets of Singapore. Then the footage disappeared, sending her on a hunt for answers.",80241061
,1,TV Show,Terrorism Close Calls,10/26/2018,2018,TV-MA,Law enforcement officials look back on attempted terrorist attacks that were thwarted in the nick of time.,80185048
115,,Movie,W/O Ram,10/26/2018,2018,TV-MA,"Frustrated with the stalled investigation into her husband's murder, a woman searches for the killer on her own, putting herself in grave danger.",81025088
91,,Movie,Strange Weather,10/26/2017,2016,R,"A grieving mother takes a road trip with her friend to confront the man who, she believes, stole her late son's business idea to get rich.",80173479
98,,Movie,A Tale of Love and Darkness,10/25/2019,2015,PG-13,"Based on the memoirs of author Amos Oz, this poetic drama shares his family's tale of suffering and survival in the early years of independent Israel.",80081372
94,,Movie,Assimilate,10/25/2019,2019,TV-14,A group of friends making a web series about their hometown realize it isn’t as boring as they thought when their neighbors start behaving strangely.,81136744
,1,TV Show,Brotherhood,10/25/2019,2019,TV-MA,"An honest lawyer reaches a moral crossroads after the cops force her to inform on her incarcerated brother, the leader of a rising criminal faction.",80221210
106,,Movie,Consequences ,10/25/2019,2014,TV-MA,Secrets bubble to the surface after a sensual encounter and an unforeseen crime entangle two friends and a woman caught between them.,81132444
118,,Movie,Dolemite Is My Name,10/25/2019,2019,R,"In 1970s LA, struggling comedian Rudy Ray Moore hits it big with his raunchy alter ego, Dolemite, then risks it all to take his act to the big screen.",80182014
,1,TV Show,Drug Squad: Costa del Sol,10/25/2019,2019,TV-MA,Four intrepid and impulsive police officers form a special narcotics unit to combat the birth of drug trafficking on Spain's Costa del Sol in the 1970s.,81010786
127,,Movie,It Takes a Lunatic,10/25/2019,2019,TV-MA,"The extraordinary life of beloved acting teacher and theatre producer Wynn Handman is recalled in this portrait of a provocative, innovative artist.",81078456
,1,TV Show,Monzón: A Knockout Blow,10/25/2019,2018,TV-MA,"This dramatization tells the story of Argentine boxing champion Carlos Monzón, as well as the investigation into the death of his wife Alicia Muñiz.",81105406
61,,Movie,My Next Guest with David Letterman and Shah Rukh Khan,10/25/2019,2019,TV-PG,"""King of Bollywood"" Shah Rukh Khan opens up about his rise to fame, his family and his billions of fans as he and Dave meet up in Mumbai and New York.",81121023
,1,TV Show,Nailed It! France,10/25/2019,2019,TV-14,"On this fun and funny competition show, home bakers talented in catastrophe struggle to re-create dessert masterpieces and win a 5,000 euro prize.",81061828
,1,TV Show,Nailed It! Spain,10/25/2019,2019,TV-PG,"On this competition show, novice bakers try to avoid a fiasco while duplicating stunning sweets. At stake are a trophy and 5,000 euros.",81062582
,1,TV Show,Prank Encounters,10/25/2019,2019,TV-MA,Monstrous frights meet hilarious reveals on this hidden-camera prank show as real people become the stars of their own full-blown horror movie.,81017316
86,,Movie,Rattlesnake,10/25/2019,2019,TV-MA,"After a mysterious woman saves her daughter from a deadly snakebite, a single mother must repay the debt by killing a stranger before sundown.",81018455
94,,Movie,The Awakening of Motti Wolkenbruch,10/25/2019,2018,TV-MA,"Pressured to marry a nice Orthodox Jewish woman, Motti is thrown for a loop when he falls for classmate Laura, who his mother will never approve of.",81110383
,1,TV Show,The Untamed,10/25/2019,2019,TV-14,"In a magical world of inter-clan rivalry, two soulmates face treacherous schemes and uncover a dark mystery linked to a tragic event in the past.",81200228
,1,TV Show,DreamWorks Spooky Stories,10/25/2018,2009,TV-PG,"Shrek dares his friends to bring on the scary with ghost stories told in a haunted castle. Later, Ginormica and the Monsters face alien pumpkins.",70218316
,1,TV Show,Queens vs. Kings,10/25/2018,2018,TV-14,"No ""ism"" is left unturned in this celebrity game show that battles stereotypes and sexism by pitting male and female comedians against each other.",80995073
93,,Movie,Ronnie Coleman: The King,10/25/2018,2018,TV-14,"Today, legendary bodybuilder Ronnie Coleman's body bears the scars of becoming the best in the world. Here, he shares what it took to reach his goals.",81018183
48,,Movie,Meet the Trumps: From Immigrant to President,10/25/2017,2017,TV-14,"Learn about Donald Trump's family history, including his immigrant grandfather's gold-rush enterprises and his dad's development of a property empire.",80219941
168,,Movie,The Hateful Eight,10/25/2017,2015,R,"Years after the Civil War, a bounty hunter and his captive are waylaid by a Wyoming blizzard and hole up in a way station with six dicey strangers.",80064515
90,,Movie,Walt Disney Animation Studios Short Films Collection,10/25/2015,2015,TV-G,"This collection of 12 short films from Disney includes ""Frozen Fever,"" the Mickey Mouse short ""Get a Horse!"" and Oscar winners ""Paperman"" and ""Feast.""",80062011
,1,TV Show,Daybreak,10/24/2019,2019,TV-MA,"Living his best life in post-apocalyptic LA, a slacker strives to find the girl of his dreams while outwitting mindless ghouls and cliquish gangs.",80197462
82,,Movie,Echo in the Canyon,10/24/2019,2019,PG-13,"An affectionate documentary looks back at the mid-1960s, when Hollywood’s Laurel Canyon was a creative nexus for young, innovative musicians.",81034741
92,,Movie,Revenge of the Pontianak,10/24/2019,2019,TV-14,A wedding in a Malaysian village leaves out one guest: a scorned vampire ghost bent on settling a secret score with the groom and anyone in her way.,81075461
138,,Movie,Baahubali: The Beginning (English Version),10/24/2018,2015,TV-14,Villagers in the kingdom of Mahismati rescue a baby who is destined to embark on a heroic quest in this English version of S.S. Rajamouli's epic.,80205231
,1,TV Show,Bodyguard,10/24/2018,2018,TV-MA,"After helping thwart a terrorist attack, a war veteran is assigned to protect a politician who was a main proponent of the very conflict he fought in.",80235864
68,,Movie,Jack Whitehall: At Large,10/24/2017,2017,TV-MA,"Comedian Jack Whitehall takes the stage to tell stories about drinking, drugs, a Google Maps van and his ongoing rivalry with Robert Pattinson.",80158919
,1,TV Show,The Mist,10/24/2017,2017,TV-MA,"Trapped by a mysterious fog, residents of a Maine village discover that it hides nightmarish creatures. A new series based on Stephen King's novella.",80135414
90,,Movie,E-Team,10/24/2014,2014,NR,The courageous investigators of Human Rights Watch's Emergencies Team risk their lives to document unlawful attacks on civilians by brutal dictators.,70299286
,1,TV Show,DreamWorks Spooky Stories: Volume 2,10/24/2012,2011,TV-PG,"The Shrek characters parody the music video ""Thriller""; B.O.B. and pals battle zombie carrots; and Megamind faces the effects of the Button of Doom.",70258566
95,,Movie,American Heist,10/23/2019,2014,R,An ex-con is just getting his life back on track when his older brother is released from prison and drags him into the underworld for one final heist.,80017261
,1,TV Show,"Breakfast, Lunch & Dinner",10/23/2019,2019,TV-MA,"Chef David Chang takes his insatiable curiosity about food, culture and identity on the road, in the convivial company of fun-loving celebrity guests.",81038022
52,,Movie,Dancing with the Birds,10/23/2019,2019,TV-PG,"From ruffling their majestic feathers to nailing im-peck-able courtship routines, birds in paradise flaunt their best moves in hopes of landing a mate.",80186796
108,,Movie,Master Z: The Ip Man Legacy,10/23/2019,2018,TV-MA,"In this spin-off, a martial arts expert once defeated by Ip Man is forced to abandon his reclusive lifestyle to combat a rising Chinese triad.",81071891
74,,Movie,ADAM SANDLER 100% FRESH,10/23/2018,2018,TV-MA,"From ""Heroes"" to ""Ice Cream Ladies"" – Adam Sandler's comedy special hits you with new songs and jokes in an unexpected, groundbreaking way.",80224536
,1,TV Show,Here to Heart,10/23/2018,2018,TV-14,Wen Nuan signs on to work as the executive assistant to ex Zhan Nanxian at his tech firm. Helping him at work just may lead her back into his heart.,81017545
102,,Movie,Scorpion King 5: Book of Souls,10/23/2018,2018,PG-13,The Scorpion King joins forces with a Nubian princess in an all-or-nothing fight to stop a warlord from claiming the souls of the vanquished.,80994444
97,,Movie,While We're Young,10/23/2017,2015,R,"A documentary filmmaker struggling with a creative block meets a vibrant young hipster couple who, initially, bring new energy into his life and work.",80017286
91,,Movie,Hunter's Prayer,10/22/2019,2015,R,A hired gun has second thoughts when he's contracted to kill a teenage girl whose father's shady business dealings put her life in danger.,70295169
96,,Movie,I'll See You in My Dreams,10/22/2019,2015,PG-13,"After the passing of her dog, a long-widowed senior citizen is in need of companionship. Two very different possibilities present themselves.",80039050
67,,Movie,Jenny Slate: Stage Fright,10/22/2019,2019,TV-MA,"Jenny Slate's first stand-up special is a mix of stage time, funny stories about adulthood and conversations with family in her childhood home.",81027753
83,,Movie,The Texas Chainsaw Massacre,10/22/2019,1974,R,"When some friends visit a vandalized graveyard, they come upon a chainsaw-wielding maniac, and it's a fight to the bloody death between good and evil.",15815343
94,,Movie,Tracers,10/22/2019,2015,PG-13,"When a bike messenger falls into debt with organized criminals, a sexy woman draws him into her high-stakes world of parkour, teaching him new skills.",70295176
97,,Movie,??? ?????,10/22/2019,2018,TV-14,"A man cured of leprosy and a young orphan leave their colony for the first time to travel across Egypt, hoping to find the families they lost.",81043190
103,,Movie,God Knows Where I Am,10/22/2018,2016,TV-PG,"Through diary entries, this documentary follows the life and death of homeless woman Linda Bishop and her struggles with starvation, sanity and God.",80131240
115,,Movie,Aashayein,10/22/2017,2010,TV-14,"When he learns he has terminal cancer, a cynical gambler and chronic smoker ditches his fiancée, snubs doctors and checks into a nursing home to die.",70170182
148,,Movie,Bhool Bhulaiyaa,10/22/2017,2007,TV-14,"Siddharth dismisses warnings that his palace might be haunted, until ghostly occurrences force him to reconsider his beliefs.",70082633
149,,Movie,Humko Deewana Kar Gaye,10/22/2017,2006,TV-PG,Two kindred spirits who are betrothed to others must decide whether to go through with arranged marriages or brush aside convention for true love.,70049619
113,,Movie,Kajraare,10/22/2017,2010,TV-14,"A popular singer on the run poses as a bartender and falls in love with a prostitute, but their love is threatened by a violent incident in his past.",80211135
137,,Movie,Karzzzz,10/22/2017,2008,TV-14,"When flashbacks reveal that he's the reincarnation of a man murdered by his wife, rock star Monty sets out to get revenge for the decades-old crime.",70109884
140,,Movie,Patiala House,10/22/2017,2011,TV-PG,"A talented young Indian cricket player must defy his father's wishes to play for the side of England, a rebellion his siblings quietly cheer.",70176967
144,,Movie,Ready,10/22/2017,2011,TV-PG,"Bollywood superstar Salman Khan plays Prem, an heir to a perfume fortune who falls in love with the wrong woman in this romantic comedy.",70198040
105,,Movie,Results,10/22/2015,2015,R,"After an ugly divorce, a wealthy but unhappy man trains at a local gym and develops a strange relationship with the owner and a captivating trainer.",80038442
91,,Movie,Free Fire,10/21/2019,2016,R,A sketchy arms transaction in a deserted warehouse turns into a free-for-all when the two sides engage in a take-no-prisoners shootout.,80091310
119,,Movie,The Rainbow Troops,10/21/2018,2008,TV-PG,Two Indonesian teachers embrace an inspiring crop of gifted young students who've come to study at their crumbling Islamic primary school.,70114484
,1,TV Show,The Liar,10/21/2017,2013,TV-14,"At the CARE detective agency, investigators see a lot of action but must always keep their cases secret, even when it affects their personal lives.",80169350
,1,TV Show,Containment,10/21/2016,2016,TV-14,"When a ferocious contagion sweeps through Atlanta, authorities impose a precarious quarantine on the city while scrambling to find a cure.",80066079
64,,Movie,Joe Rogan: Triggered,10/21/2016,2016,TV-MA,"Unleashing his inquisitive, intense comedic style, Rogan explores everything from raising kids and Santa Claus to pot gummies and talking to dolphins.",80117443
68,,Movie,Wyatt Cenac: Brooklyn,10/21/2014,2014,TV-MA,Wyatt Cenac heads to Brooklyn to share his observations on the borough that's the backdrop for three sitcoms and a reality show about cheesemongers.,80010717
104,,Movie,How to Get Over a Breakup,10/20/2018,2018,TV-MA,"A heartbroken ad copywriter living in Lima, Peru, is inspired to write a blog about life as a single woman and is surprised by her website's success.",81020005
161,,Movie,The Gospel of John,10/20/2018,2014,TV-14,"In the first of four word-for-word film adaptations, Aramaic-speaking actors re-create the stories of Jesus' life from the fourth gospel.",81035748
103,,Movie,1922,10/20/2017,2017,TV-MA,"A farmer pens a confession admitting to his wife's murder, but her death is just the beginning of a macabre tale. Based on Stephen King's novella.",80135164
90,,Movie,Miss Representation,10/20/2017,2011,NR,Explore how the mainstream media's often disparaging portrayals of women contribute to the under-representation of females in positions of leadership.,70167128
95,,Movie,One of Us,10/20/2017,2017,TV-14,"In the wake of trauma and abuse, three Hasidic Jews face ostracism, anxiety and danger as they attempt to leave their ultra-Orthodox community.",80118101
,1,TV Show,The Day I Met El Chapo,10/20/2017,2017,TV-MA,"Mexican superstar actress Kate del Castillo reveals the untold story of her encounter with El Chapo Guzmán, the world’s most-wanted drug lord.",80184569
82,,Movie,Wheelman,10/20/2017,2017,TV-MA,The getaway driver in a botched robbery puts his skills and smarts to the test when he receives shocking orders from an unknown caller.,80113669
,1,TV Show,Border Patrol,10/2/2019,2016,TV-PG,This reality TV series follows the men and women of New Zealand's border patrol in their quest to keep their country safe and secure.,80222133
,1,TV Show,Botched Up Bodies,10/2/2019,2013,TV-MA,"From lifting saggy skin to repairing shoddy breast enhancements, plastic surgeons tackle extreme fixer-uppers.",81029301
,1,TV Show,Bringing Sexy Back,10/2/2019,2015,TV-14,"In this reality series, everyday individuals adopt healthier lifestyles and transform their bodies to reclaim their confidence – with dramatic results.",81025218
,1,TV Show,Court Justice,10/2/2019,2017,TV-MA,"In a bustling local court in Sydney, 12 magistrates preside over different levels of criminal offenses and deliver life-changing verdicts.",81025251
,1,TV Show,Diva Brides,10/2/2019,2017,TV-MA,"In this reality series, brides-to-be stop at nothing to have their dream weddings despite meager funds, fallouts with friends or even absent grooms.",80224490
,1,TV Show,Ghost Town Gold,10/2/2019,2012,TV-14,"Two history buffs with an eye for valuables traverse through forgotten mines and abandoned landmarks in the wild, wild West to score collectibles.",81025309
,1,TV Show,Horror Homes,10/2/2019,2016,TV-14,"Dream homes turn into property nightmares when mold, maggots, natural disasters and other inconveniences move in.",81025263
,1,TV Show,Kitten Rescuers,10/2/2019,2017,TV-14,Cat-crazy host Jo Brand follows vets and animal welfare officers who take on daring rescues to save furry felines subjected to different cat-astrophes.,81025361
,1,TV Show,License to Drill: Louisiana,10/2/2019,2014,TV-PG,"A crew of oil riggers work an off-season job and swap the blistering cold of their native Canada for sunny, Southern comfort in the Big Easy.",81025317
,1,TV Show,Living Undocumented,10/2/2019,2019,TV-MA,Eight undocumented families' fates roller-coast as the United States' immigration policies are transformed.,80209609
98,,Movie,Ready to Mingle,10/2/2019,2019,TV-MA,"After the man she thought she'd marry breaks up with her, Ana joins a class for single women who are in search of a husband.",81094801
76,,Movie,Salam - The First ****** Nobel Laureate,10/2/2019,2018,TV-PG,"Shunned by his country due to religion, Abdus Salam strives for an achievement that would define modern physics and redefine his place back home.",81191195
111,,Movie,Death Race: Beyond Anarchy,10/2/2018,2017,R,"An ex-racecar driver is sent to a barbaric prison where, to get pardoned, he must defeat the inmate known as Frankenstein in a lethal ""Death Race.""",80218973
81,,Movie,Eric ldle's What About Dick?,10/2/2018,2012,TV-MA,"In a madcap stage play from Monty Python icon Eric Idle, comic greats perform the decline and fall of the British Empire ... as told through a piano.",80235999
64,,Movie,Joe Rogan: Strange Times,10/2/2018,2018,TV-MA,"Outspoken as ever, comedian Joe Rogan takes on current culture, pro wrestling, pot laws, cats, vegans and more in a stand-up special shot in Boston.",80215419
,1,TV Show,Monty Python Best Bits (mostly),10/2/2018,2014,TV-14,"Prominent comedians pay tribute to Monty Python's best work in this five-part series, along with selected clips of sketches.",80236359
55,,Movie,Monty Python Conquers America,10/2/2018,2008,TV-MA,Follow the evolution of the British sketch comedy troupe that redefined humor and shaped an entire generation of American comics.,70118860
137,,Movie,"Monty Python Live (Mostly): One Down, Five to Go",10/2/2018,2014,TV-MA,"Live from London in a sold-out final show, surviving members of the British comedy troupe reprise old roles and break out in irreverent song and dance.",80017240
56,,Movie,Monty Python: Before the Flying Circus,10/2/2018,2000,TV-14,"Discover how six seemingly ordinary but supremely talented men became Monty Python, sketch comedy's revolutionary comedy troupe.",70118859
58,,Movie,Monty Python: Live at Aspen,10/2/2018,1998,TV-MA,The members of Monty Python reunite on stage to talk about making their iconic show that changed sketch comedy forever.,80236356
80,,Movie,Monty Python: Live at The Hollywood Bowl,10/2/2018,1982,R,"Film clips and Terry Gilliam animations feature in this live-to-tape performance of greatest hits, including ""Travel Agent"" and ""Solo Wrestling.""",80236778
94,,Movie,Monty Python: The Meaning of Live,10/2/2018,2014,TV-MA,"From heyday to curtain call, this documentary offers a rare glimpse of the legendary Monty Python troupe as it stages live shows after a long hiatus.",80236470
,1,TV Show,Monty Python's Almost the Truth,10/2/2018,2009,NR,"The legacy of comedy group Monty Python, whose irreverent brand of humor has tickled the ribs of millions, is explored in this documentary.",70213237
,1,TV Show,Monty Python's Fliegender Zirkus,10/2/2018,1972,TV-14,"The Pythons elevate the absurd to new heights and bring their sketches to German TV, working in phonetic German, at times with an Australian accent.",80236357
94,,Movie,Monty Python's Life of Brian,10/2/2018,1979,R,"Born in a stable in Judea, Brian grows up to join a group of anti-Roman zealots, but his fate keeps getting confused with that of a certain carpenter.",699257
,1,TV Show,Monty Python's Personal Best,10/2/2018,2005,TV-MA,Original members of the iconic Monty Python comedy troupe pick their all-time favorite sketches from their groundbreaking television series.,80237311
72,,Movie,Parrot Sketch Not Included: Twenty Years of Monty Python,10/2/2018,1989,TV-14,"Presented by Steve Martin, this anthology draws from “Flying Circus” and “Fliegender Zirkus” to mark the 20th anniversary of the TV series.",80236574
60,,Movie,The Meaning of Monty Python,10/2/2018,2013,TV-MA,"Five Pythons reflect on their creative process, politics, television and the making of their award-winning final film, ""The Meaning of Life.""",80988048
101,,Movie,Sleeping with Other People,10/2/2017,2015,R,"Many years after hooking up in college, two people cross paths and realize they are both serial philanderers who need each other's help to reform.",80039069
64,,Movie,Anjelah Johnson: Not Fancy,10/2/2015,2015,TV-14,"The actress, comedian and YouTube sensation riffs on everything from nail salons and Gypsies to Mexican moms and super-sleuthing Liam Neeson.",80046779
66,,Movie,Little Singham: Kaal Ki Tabaahi,10/19/2019,2019,TV-Y7,Kaal is back – bigger and badder than ever! Can Little Singham fight the battle of a lifetime to stop the demon’s plans to wreak havoc on earth?,80995687
98,,Movie,Men in Black,10/19/2019,1997,PG-13,"A streetwise cop teams with a veteran government agent to work for a super-secret, extremely dapper team that monitors extraterrestrials on Earth.",60001650
92,,Movie,Moms at War,10/19/2019,2018,TV-14,"Two fierce mothers become rivals when a school contest forces their kids, both model students, to compete against one another to be the best in class.",81172848
118,,Movie,The Command,10/19/2019,2018,PG-13,For the crew trapped aboard a sunken Russian submarine the deadliest threat is the bureaucracy on land. Based on a true story.,81034575
,1,TV Show,Accidentally in Love,10/19/2018,2018,TV-14,"Rejecting the demands of her wealthy family, a young woman poses as an ordinary college student and crosses paths with a stoic pop star at school.",81025800
,1,TV Show,Ask the Doctor,10/19/2018,2017,TV-PG,"From allergies to diet to sleep, three friendly doctors share expert advice, bust medical myths and test the latest treatments.",81003997
,1,TV Show,Best.Worst.Weekend.Ever.,10/19/2018,2018,TV-PG,"Teenage friends plan an epic trip to Comic-Con to meet their idol, only to get caught in one hilariously awkward predicament after another.",80207486
51,,Movie,"Club de Cuervos Presents: I, Potro",10/19/2018,2018,TV-MA,Former Club de Cuervos player Potro returns home to Argentina to crash the wedding of his famous soccer-star brother and confront his estranged family.,80226951
50,,Movie,Derren Brown: Sacrifice,10/19/2018,2018,TV-MA,Illusionist Derren Brown concocts a psychological experiment in which he tries to manipulate an ordinary person into taking a bullet for a stranger.,80216677
86,,Movie,Gnome Alone,10/19/2018,2018,PG,"After moving into a new house with her mom, high schooler Chloe discovers a troupe of talking garden gnomes who need her help saving the world.",80232279
140,,Movie,Illang: The Wolf Brigade,10/19/2018,2018,TV-MA,"In 2029, the elite police squad Illang combats a terrorist group opposing reunification of the two Koreas. But another enemy may be lurking nearby.",80239666
122,,Movie,Naa Bangaaru Talli,10/19/2018,2013,TV-MA,"A father leading a dark double life and his daughter, who's eager to pursue her studies in Hyderabad, face the tragic consequences of sex trafficking.",81011973
23,,Movie,Oddbods: Party Monsters,10/19/2018,2018,TV-Y,"Dressed up as detective Sherlock Holmes, Slick must crack the case when a magician turns Jeff's spooky-costume party guests into their scary alter egos.",81031037
95,,Movie,S Storm,10/19/2018,2016,TV-MA,Anti-corruption investigator William Luk must join forces with detective Lau Po-keung to bring down a crime syndicate involved in sports betting.,80144152
205,,Movie,The Gospel of Luke,10/19/2018,2015,TV-14,Word-for-word Bible texts of the entire book of Luke are narrated and re-enacted in this epic production of the Gospel's accounts of Jesus's life.,81035749
123,,Movie,The Gospel of Mark,10/19/2018,2015,TV-14,"See Jesus from a disciple's point of view in this first-ever, word-for-word film adaptation of the Gospel of Mark, lauded for its historical accuracy.",81035750
190,,Movie,The Gospel of Matthew,10/19/2018,2014,TV-14,The Apostle Matthew is highlighted in this word-for-word film adaptation of the former tax collector's Biblical writings about working with Jesus.,81035751
121,,Movie,The Night Comes for Us,10/19/2018,2018,TV-MA,"After sparing a girl's life during a massacre, an elite Triad assassin is targeted by an onslaught of murderous gangsters.",80148162
,1,TV Show,Wanderlust,10/19/2018,2018,TV-MA,"Unable to revive their fading sex life after many years of marriage, a therapist and her husband decide to start dating other people.",80211465
94,,Movie,Wedding Unplanned,10/19/2017,2017,TV-MA,"Mathias's girlfriend finds a business card for a wedding planner in his pocket. Suddenly, he's engaged and hiring his lover to plan the big day!",80171705
87,,Movie,10 Days in Sun City,10/18/2019,2017,TV-14,"After his girlfriend wins the Miss Nigeria pageant, a young man faces unexpected competition of his own when he joins her on a campaign in South Africa.",81172729
121,,Movie,93 Days,10/18/2019,2016,TV-14,Heroic health workers fight to contain an Ebola outbreak when a patient arrives in Lagos with symptoms of the deadly virus. Based on a true story.,81172895
98,,Movie,Eli,10/18/2019,2019,TV-MA,"With his desperate parents in tow, an 11-year-old boy with a debilitating illness checks into an isolated clinic to undergo experimental therapy.",80206910
99,,Movie,In My Country,10/18/2019,2018,TV-14,"A teacher turns to a dubious man to raise money for her daughter's life-saving surgery, a crisis that is unexpectedly catapulted to a national stage.",81172905
,1,TV Show,Interior Design Masters,10/18/2019,2019,TV-PG,Aspiring interior designers transform a variety of spaces from dowdy to delightful as they vie for a life-changing contract with a top London hotel.,80217627
,1,TV Show,Living with Yourself,10/18/2019,2019,TV-MA,"Burned out on life, Miles undergoes a strange procedure at a strip mall spa – and wakes to find he's been replaced by a better version of himself.",80178724
95,,Movie,"Love, Surreal and Odd",10/18/2019,2017,TV-14,"When a group of people meets at the same party, they form four different relationships, each experiencing similar phases of love.",81132442
,1,TV Show,Mighty Little Bheem: Diwali,10/18/2019,2019,TV-Y,"From decorating his home to devouring sweets, join Bheem as he makes merry – and a bit of mischief – while the festival of lights is in full swing.",81020066
,1,TV Show,MONKART,10/18/2019,2017,TV-Y7,Jin and his dragon monster Draka set out on a racing adventure and try to save the kingdom from evil forces.,81193245
107,,Movie,New Money,10/18/2019,2018,TV-14,An aspiring fashion designer's life is transformed after she discovers she’s the heiress of a billion-dollar empire left by her estranged father.,81172723
100,,Movie,Seventeen,10/18/2019,2019,TV-MA,"To find his therapy dog, a 17-year-old escapes from juvie and embarks on a journey of reconnection with his brother and grandmother through Cantabria.",80990336
101,,Movie,Tatu,10/18/2019,2017,TV-MA,"Doubting her future as a nun, a woman attempts to have a child, triggering a mystic tribal prophecy that could force her to make a godly sacrifice.",81172909
86,,Movie,Tell Me Who I Am,10/18/2019,2019,TV-MA,"In this documentary, Alex trusts his twin, Marcus, to tell him about his past after he loses his memory. But Marcus is hiding a dark family secret.",80214706
96,,Movie,The Laundromat,10/18/2019,2019,R,"When a widow gets swindled out of insurance money, her search for answers leads to two cunning lawyers in Panama who hide cash for the superrich.",80994011
,1,TV Show,Unnatural Selection,10/18/2019,2019,TV-MA,"From eradicating disease to selecting a child’s traits, gene editing gives humans the chance to hack biology. Meet the real people behind the science.",80208910
99,,Movie,Up North,10/18/2019,2018,TV-14,A pampered heir must complete a year of service work to inherit his dad's assets but unearths new goals when he's placed in an unfamiliar region.,81172902
112,,Movie,Upstarts,10/18/2019,2019,TV-14,"Hoping to do good while making millions, three college graduates create a startup. But as business begins to flourish, their own bond starts to fray.",80998890
127,,Movie,Verses of Love 2,10/18/2019,2017,TV-14,"Now a lecturer in Edinburgh, Fahri tries to begin a new chapter as the love of his life, Aisha, volunteers in the Gaza Strip. Have they moved on?",81047903
131,,Movie,Mr. Chandramouli,10/18/2018,2018,TV-MA,"When the lives of a carefree boxer and his cabdriver dad collide with the ambitions of a ruthless businessman, a search for answers turns to revenge.",81026343
79,,Movie,El Viaje: Márama y Rombai,10/18/2017,2016,TV-PG,Popular South American bands Márama and Rombai share footage of behind-the-scenes antics and discuss their sudden rise to stardom.,80208635
140,,Movie,The Karate Kid,10/17/2019,2010,PG,"After moving to Beijing with his mother, Dre falls prey to a bully, so he takes lessons from a martial arts master in this remake of the 1984 classic.",70125931
,1,TV Show,THE UNLISTED,10/17/2019,2019,TV-PG,"When they learn of a secret plot to track and control kids, identical twins Dru and Kal team up with a band of runaway rebels to take back their world.",80222326
80,,Movie,My Babysitter's a Vampire: The Movie,10/17/2018,2010,TV-PG,"When their parents head out for the evening, Ethan and his little sister get the babysitter of their nightmares: a fledgling vampire named Sarah.",70235768
66,,Movie,Patton Oswalt: Annihilation,10/17/2017,2017,TV-MA,"By turns scathing and candid, Patton Oswalt reflects on the glut of comic material in the Trump era and the dark days following a personal tragedy.",80177406
,1,TV Show,Another Miss Oh,10/16/2019,2016,TV-14,"A sound director who suddenly starts getting visions of someone else’s future gets mired in the lives of two women, who happen to share the same name.",81077044
22,,Movie,Ghosts of Sugar Land,10/16/2019,2019,TV-MA,"Shocked when their friend embraces extremism, a group of Muslim Americans in Texas recount their time with him and theories about his fate.",81081656
78,,Movie,League of Legends Origins,10/16/2019,2019,TV-MA,"Fans, experts and creators of the ""League of Legends"" detail the game’s rise from free demo to global esports titan.",81187847
63,,Movie,Park Na-rae: Glamour Warning,10/16/2019,2019,TV-MA,"Korea’s beloved comedian and favorite big sister figure talks sex, relationships and celebrity life. And she’s sassier and dirtier than ever before.",81053240
,1,TV Show,Second 20s,10/16/2019,2015,TV-14,"Facing major changes, a mother realizes it's time to live for herself and decides to enroll in college, where she finds her dream as well as new love.",81167011
97,,Movie,Sinister 2,10/16/2019,2015,R,"A single mother and her twin sons move into a rural house, unaware of its history of being inhabited by an evil spirit that preys upon young children.",80043834
86,,Movie,The Game Changers,10/16/2019,2018,TV-MA,"Special Forces trainer James Wilks asks elite athletes to compare the merits of meat, protein and plants for building strength. Spoiler: plants win.",81157840
63,,Movie,"Ron White: If You Quit Listening, I'll Shut Up",10/16/2018,2018,TV-MA,"Ron “Tater Salad” White dishes out his signature brand of cynicism, riffing on sex, celebrity and the sinister habits of wild geese.",80244900
135,,Movie,Baadshaho,10/16/2017,2017,TV-14,"In 1975, during the government-declared Emergency, thief Bhawani and his crew plan a daring robbery to reclaim his royal lover's seized treasures.",80211134
96,,Movie,Closed Circuit,10/16/2017,2013,R,"Martin and Claudia, top-flight lawyers who happen to be former lovers, become targets when they're teamed up to defend a notorious terrorist.",70271601
,1,TV Show,Footprints in the Sand,10/16/2017,2011,TV-14,"Familial bonds strain as dramas concerning love, greed, business and generosity simmer across generations.",80136786
,1,TV Show,In Laws,10/16/2017,2016,TV-PG,"Once domineered by her own mother, a well-meaning matriarch has trouble being lax with her children, especially when her daughter-in-law moves in.",80136788
,1,TV Show,La Femme,10/16/2017,2016,TV-14,"Personal desires guide the lives of a marriage-averse entrepreneur, a housewife coping with infidelity and a career woman who leaves her spouse.",80136787
,1,TV Show,Laws of Attraction,10/16/2017,2012,TV-14,"Four couples – a speed-dating pair, a husband and wife, a man living with an older woman and co-workers with opposite views – weather ups and downs.",80136454
144,,Movie,Lucknow Central,10/16/2017,2017,TV-14,"After being arrested for a crime he didn't commit, an aspiring musician teams up with some of his inmates at Lucknow Central to form a band.",80204433
111,,Movie,A Family Affair,10/16/2016,2015,TV-PG,The filmmaker hunts for the missing puzzle pieces of his family history during a visit with a complex and controversial figure: his grandmother.,80089199
59,,Movie,Anthony Jeselnik: Thoughts and Prayers,10/16/2015,2015,TV-MA,There's no subject too dark as the comedian skewers taboos and riffs on national tragedies before pulling back the curtain on his provocative style.,80043049
137,,Movie,Beasts of No Nation,10/16/2015,2015,NR,"When civil war tears his family apart, a young West African boy is forced to join a unit of mercenary fighters and transform into a child soldier.",80044545
86,,Movie,Circle,10/16/2015,2015,NR,"When a group of strangers is seized and awaits execution, they face the impossible task of choosing the one person among them worthy of being spared.",80070182
,1,TV Show,Black Money Love,10/15/2019,2014,TV-MA,"After a cop's fiancée and a jewelry designer's father are found dead together, the two bereaved ones face a perilous aftermath of a theft gone wrong.",80176234
93,,Movie,Dark Crimes,10/15/2019,2016,R,A detective on a cold murder case discovers that a famous writer’s latest novel contains details chillingly similar to the crime he’s investigating.,80992769
73,,Movie,Homeland,10/15/2019,2019,TV-PG,"Determined to trace her ancestral history, an Armenian woman travels to a French village, where she befriends a kind man and, better yet, finds herself.",81191228
,1,TV Show,Magical Andes,10/15/2019,2019,TV-G,"From Argentina to Colombia, this stunning documentary follows five characters who share their deep connection to South America's majestic mountains.",81154549
,1,TV Show,Power Rangers Beast Morphers,10/15/2019,2019,TV-Y7-FV,A new breed of secret agents must stop a ruthless computer virus and its minions from stealing the unlimited clean energy source that created them.,81192594
,1,TV Show,Devlok with Devdutt Pattanaik,10/15/2018,2017,TV-PG,"Through chats with host Rasika Dugal, mythologist Devdutt Pattanaik explores the meaning and modern-day relevance of Indian folklore and philosophy.",81006356
150,,Movie,Meghnadbodh Rohoshyo,10/15/2018,2017,TV-14,"A professor mysteriously vanishes, leaving behind a host of suspects, a shadowy history and a clue: the anonymous birthday gift of a Bengali classic.",81025935
159,,Movie,Sanju,10/15/2018,2018,TV-MA,"From the depths of addiction to the heights of stardom to underworld entanglements, this biopic traces the checkered past of Indian actor Sanjay Dutt.",81020508
,1,TV Show,Stunt Science,10/15/2018,2018,TV-MA,"When it comes to daring stunts and outrageous pranks, we often wonder: What were they thinking? This high-octane series tries to find some answers.",80241004
108,,Movie,A Scandall,10/15/2017,2016,TV-MA,"A film school graduate is interested in making a movie about his girlfriend's uncle, who claims that he can see his long-dead daughter.",80201824
127,,Movie,Aisa Yeh Jahaan,10/15/2017,2015,TV-14,"During a vacation with her parents, away from her concrete urban existence, a young girl learns to appreciate the joys of connecting with nature.",80203782
127,,Movie,Ankur Arora Murder Case,10/15/2017,2013,TV-14,A young medical intern sets out to fight for justice after the negligence of the surgeon he looked up to ends in tragedy.,80201829
90,,Movie,Belief: The Possession of Janet Moses,10/15/2017,2015,TV-MA,"This documentary tries to reconstruct, through a series of interviews, a family's misguided attempt to heal a woman's pain through exorcism.",80126016
126,,Movie,Calendar Girls,10/15/2017,2015,TV-14,Five calendar models try to navigate the twists and turns thrown in their path by the seductive and ruthless world of glamour.,80202089
121,,Movie,Darra,10/15/2017,2016,TV-14,"After returning from school and getting married, a popular farmer begins to arouse resentment and jealousy among those around him.",80203789
119,,Movie,El Che,10/15/2017,2017,TV-14,"Spanish-Mexican writer Paco Ignacio Taibo II hits the road to trace the footsteps of Ernesto ""Che"" Guevara and sheds new light on the revolutionary.",80193423
109,,Movie,Gour Hari Dastaan: The Freedom File,10/15/2017,2015,TV-14,A former freedom fighter is forced to navigate the corridors of a disinterested bureaucracy to prove that he fought in India's freedom movement.,80201825
,1,TV Show,Harry & Bunnie,10/15/2017,2017,TV-Y7,A young wannabe magician and his mischievous stage rabbit battle and sabotage each other while putting on shows.,80202376
132,,Movie,Jal,10/15/2017,2013,TV-14,A gifted young man from a drought-stricken village helps a group of ecologists find water for migrating flamingoes.,80028360
118,,Movie,Macchli Jal Ki Rani Hai,10/15/2017,2014,TV-MA,"After relocating to a different town with her husband, a housewife begins to sense the existence of a mysterious presence in their new house.",80203783
84,,Movie,Money,10/15/2017,2016,R,"Two corporate spies with a $5 million haul for selling secrets are held hostage by a thief, triggering a game of cat and mouse to gain the upper hand.",80142617
93,,Movie,One Night Stand,10/15/2017,2016,TV-MA,An obsession with a woman with whom he had a one-night stand brings disharmony into a man's life and destroys his peace of mind.,80201823
96,,Movie,OtherLife,10/15/2017,2017,TV-MA,"After inventing a drug that induces time-compressed virtual realities, young Ren grapples with partner Sam over how to use their powerful creation.",80190841
145,,Movie,Sardaarji 2,10/15/2017,2016,TV-PG,A simple farmer's life becomes complicated after he resolves to save his village from an economic crisis by traveling to Australia to earn money.,80115858
,1,TV Show,Seven and Me,10/15/2017,2017,TV-G,A little girl discovers she’s the modern-day descendant of Snow White when seven dwarfs arrive at her suburban home to serve as her guardian angels.,80183199
158,,Movie,Singapore,10/15/2017,1960,TV-PG,"When his employee disappears in Singapore, Shyam travels from India to investigate the absence and becomes entangled in a deadly plot.",80158547
132,,Movie,Story of an Egg,10/15/2017,2017,TV-PG,"When an astrologer gives him one year to find a mate or face being alone forever, a professor sets out to find a bride despite serious obstacles.",80206827
111,,Movie,Tamanchey,10/15/2017,2014,TV-MA,A man and a woman on the run from the law are drawn to each other through the common bond of their mutual dependency.,80202090
133,,Movie,Teshan,10/15/2017,2016,TV-PG,New beginnings appear to be on the horizon after a simple country boy forms a bond with a sophisticated urban girl with modern ideas.,80203790
143,,Movie,Ujala,10/15/2017,1959,TV-PG,"An honest man dreams of a better life for his family, but a childhood friend leads him into a world of crime that keeps happiness just out of reach.",80158391
117,,Movie,Veerappan,10/15/2017,2016,TV-14,A police official assembles an elaborate network of spies and undercover operatives to bring down a ruthless bandit with a private army.,80201822
84,,Movie,Why Knot,10/15/2017,2016,TV-MA,"Pressured by his traditional family to marry, a filmmaker explores the idea of monogamy and the possibility of lifelong union without sexual fidelity.",80211540
97,,Movie,A Mighty Team,10/15/2016,2016,TV-14,"When a fit of anger leads to a serious injury, a sidelined soccer star returns to his hometown and reluctantly agrees to train the local youth.",80123743
77,,Movie,Berserk: The Golden Age Arc I - The Egg of the King,10/15/2016,2012,TV-MA,"Loner Guts is recruited by Griffith and his band of mercenaries, but their ensuing success as a full-fledged army could lead to a horrible fate.",70258995
94,,Movie,Bleach The Movie: Fade to Black,10/15/2016,2008,NR,"When his mind is fogged by a scimitar-weilding stranger, Mayuri destroys his laboratory, unleashing a cloud of reishi that lays waste to the Seiretei.",70208801
94,,Movie,Bleach the Movie: Hell Verse,10/15/2016,2010,NR,"When a group of vicious Sinners plots to escape from this eternal prison in Hell, they discover that Substitute Soul Reaper Ichigo is the key to their freedom. The Sinners launch an attack and in the process kidnap Ichigo's younger sister.",70260383
91,,Movie,Blind Date,10/15/2016,2015,TV-14,"A passionate pianist and a soulful puzzle maker who treasures silence aren't the best neighbors, but things get interesting when they start to date.",80123744
,1,TV Show,DEATH NOTE,10/15/2016,2006,TV-14,"When a Japanese high schooler comes into possession of a mystical notebook, he finds he has the power to kill anybody whose name he enters in it.",70204970
93,,Movie,Naruto Shippûden the Movie: Bonds,10/15/2016,2008,TV-14,"When strange ninjas ambush the village of Konohagakure, it's up to adolescent ninja Naruto and his long-missing pal, Sasuke, to save the planet.",70105699
95,,Movie,Naruto Shippuden: The Movie,10/15/2016,2007,TV-14,"The adventures of adolescent ninja Naruto Uzumaki continue as he's tasked with protecting a priestess from a demon – but to do so, he must die.",70124999
,1,TV Show,Power Rangers Dino Super Charge,10/15/2016,2016,TV-Y7,Just when you thought the Rangers' mission was accomplished there's an even more difficult challenge for them to face with the arrival of a new enemy.,80088507
,1,TV Show,Spotless,10/15/2016,2015,TV-MA,The law-abiding owner of a crime scene cleaning service is forced into business with a powerful mob boss thanks to his irresponsible older brother.,80080727
62,,Movie,"Martin Matte: La vie, la mort...eh la la..!",10/14/2019,2019,TV-14,"Quebecois comedy star Martin Matte serves up embarrassing personal stories, a solution for social media trolls and more in this unpredictable special.",80990869
107,,Movie,This Is Not What I Expected,10/14/2017,2017,TV-PG,"Romance and cuisine mix when a perpetually dissatisfied hotel executive finally encounters the perfect meal, and the sous chef that made it.",80187205
80,,Movie,Sky Ladder: The Art of Cai Guo-Qiang,10/14/2016,2016,TV-MA,"Known for his spectacular pyrotechnic displays, Chinese artist Cai Guo-Qiang creates his most ambitious project yet in this breathtaking documentary.",80097472
135,,Movie,Suburra,10/14/2015,2015,NR,A grueling battle over turning a seaside town near Rome into a gambling paradise exposes criminal rivalries and endemic corruption on a grand scale.,80075009
,1,TV Show,Russell Peters vs. the World,10/14/2013,2013,NR,"A four-part docu-series that's an exclusive, backstage pass to global comedy superstar Russell Peters' record-breaking ""Notorious"" world tour.",70293417
72,,Movie,Russell Peters: Notorious,10/14/2013,2013,NR,"Global comedy star Russell Peters leaves no ethnic or cultural stereotype unsatirized in this outrageous standup appearance in Sydney, Australia.",70280748
96,,Movie,Street Flow,10/13/2019,2019,TV-MA,"Three brothers – a gangster, a scholar and an impressionable teen – learn hard lessons in the gritty suburbs while searching for the means to survive.",81034012
,1,TV Show,The Lies Within,10/13/2019,2019,TV-14,"After her father dies and her husband goes missing, Kim Seo-hui teams up with detective Jo Tae-sik and joins the National Assembly.",81191500
131,,Movie,Soorma,10/13/2018,2018,TV-14,This biopic on former Indian field hockey player Sandeep Singh follows the athlete’s hard-fought comeback after an accidental gunshot left him paralyzed.,81019031
,1,TV Show,Ajaibnya Cinta,10/13/2017,2015,TV-PG,"Upon returning home from his studies abroad, young grad Akif finds himself involved with four women in this continuation of the series ""Spain Uoolss.""",80180544
83,,Movie,Blessed Benefit,10/13/2017,2016,TV-14,"After being wrongfully convicted of fraud, an honest man finds that life in prison comes with a measure of freedom that is unavailable outside.",80148070
102,,Movie,Clair Obscur,10/13/2017,2016,TV-MA,"While examining a young woman who has just murdered her husband and mother-in-law, a psychiatrist begins to reflect on her own marriage.",80155812
52,,Movie,"El Especial de Alex Fernández, el Especial",10/13/2017,2017,TV-MA,"From a Mexico City theme park, energetic stand-up Alex Fernández riffs on music, cheap toys, insecurity and other fun things about growing up.",80183198
110,,Movie,Kingdom of Us,10/13/2017,2017,TV-MA,A father's suicide sends a family of eight on a journey through childhood memories and treacherous emotional waters in this poignant documentary.,80158844
85,,Movie,The Babysitter,10/13/2017,2017,TV-MA,"When Cole stays up past his bedtime, he discovers that his hot babysitter is part of a satanic cult that will stop at nothing to keep him quiet.",80164456
113,,Movie,The Meyerowitz Stories (New and Selected),10/13/2017,2017,TV-MA,Grudges and rivalries abound as three adult siblings converge in New York to contend with their prickly artist father – and his fading legacy.,80174434
95,,Movie,Mascots,10/13/2016,2016,TV-MA,"Eager contestants don big heads and furry suits to vie for the title of World's Best Mascot in this offbeat, comic romp from Christopher Guest.",80075476
130,,Movie,Apostle,10/12/2018,2018,TV-MA,"In 1905, a drifter on a dangerous mission to rescue his kidnapped sister tangles with a sinister religious cult on an isolated island.",80158148
,1,TV Show,Black Heart,10/12/2018,2014,TV-14,"Blaming a crooked media mogul for the death of his journalist sister, a surgeon enlists the help of a beautiful psychologist to get revenge.",80119451
99,,Movie,Errementari: The Blacksmith and the Devil,10/12/2018,2018,TV-MA,"A brutal blacksmith tortures a demon he blames for his misery, unaware a trespassing orphan is about to change everything. Based on Basque folklore.",80239565
86,,Movie,Feminists: What Were They Thinking?,10/12/2018,2018,TV-MA,"Revisiting 1970s photos of women that captured a feminist awakening, this film explores those women's lives and examines the continued need for change.",80216844
,1,TV Show,FIGHTWORLD,10/12/2018,2018,TV-MA,"Actor and fight enthusiast Frank Grillo travels the world, immersing himself in different fight cultures to understand their traditions and motivations.",80187722
106,,Movie,Kuntilanak,10/12/2018,2018,TV-14,Five youngsters discover that an antique mirror found in their orphanage is home to an evil ghost who kidnaps children and imprisons them inside it.,81021082
57,,Movie,ReMastered: Who Shot the Sheriff,10/12/2018,2018,TV-14,"In 1976, reggae icon Bob Marley survived an assassination attempt as rival political groups battled in Jamaica. But who exactly was responsible?",80191047
,1,TV Show,The Curious Creations of Christine McConnell,10/12/2018,2018,TV-PG,"Wickedly talented baker and artist Christine McConnell fills her home with haunting confections, creepy crafts – and wildly inappropriate creatures.",80201868
,1,TV Show,The Haunting of Hill House,10/12/2018,2018,TV-MA,"Flashing between past and present, a fractured family confronts haunting memories of their old home and the terrifying events that drove them from it.",80189221
97,,Movie,The Kindergarten Teacher,10/12/2018,2018,R,A devoted teacher takes interest in a young student's creative potential after hearing his poetry. But she soon crosses the line into obsession.,80240972
88,,Movie,Barakah Meets Barakah,10/12/2017,2016,TV-14,A laid-back civil servant and wealthy video blogger struggle to make it as a modern couple amid strict Saudi social conventions.,80103282
89,,Movie,Bomb Scared,10/12/2017,2017,TV-MA,"In this dark comedy, a dysfunctional group of wannabe Basque terrorists awaits word about a new mission while Spain makes a run at the World Cup title.",80134526
90,,Movie,Justin Timberlake + the Tennessee Kids,10/12/2016,2016,TV-PG,"On the final nights of a world tour, director Jonathan Demme captures what makes the show soar: gifted musicians, deft dancers and a magnetic star.",80127559
71,,Movie,Iron Man & Captain America: Heroes United,10/12/2014,2014,PG,"While battling to keep the Red Skull and Taskmaster from unleashing a Hydra army, Iron Man and Captain America must learn to work together.",80005501
104,,Movie,Bygones Be Bygones,10/11/2019,2017,TV-MA,A mother's plan to find her bachelor son a match derails when a new prospect turns up and sinister schemes unfold.,81132441
123,,Movie,El Camino: A Breaking Bad Movie,10/11/2019,2019,TV-MA,"Fugitive Jesse Pinkman attempts to outrun his past. Written and directed by ""Breaking Bad"" creator Vince Gilligan, starring Aaron Paul.",81078819
100,,Movie,Fractured,10/11/2019,2019,TV-MA,"After his wife and injured daughter disappear from an ER, a man conducts a panicked search and becomes convinced the hospital is hiding something.",80223997
99,,Movie,The Bling Lagosians,10/11/2019,2019,TV-14,"With a matriarch bent on having a lavish 51st birthday party, her family's debt is on the verge of exposure, threatening their business – and legacy.",81191666
151,,Movie,The Forest of Love,10/11/2019,2019,TV-MA,A con man and a would-be filmmaking crew force themselves into the lives of two grief-scarred young women. But nothing is as it seems.,81133621
102,,Movie,The Influence,10/11/2019,2019,TV-MA,"Back in her childhood home to help her sister care for their comatose mother, Alicia must face a dark force from her past that now threatens her child.",81038598
118,,Movie,Filosofi Kopi The Movie,10/11/2018,2015,TV-PG,The level-headed owner of a struggling coffee shop finds his future at risk when his partner – a talented but cocky barista – makes a major bet.,81016322
,1,TV Show,Ordinary Heroes,10/11/2018,2018,TV-MA,"Get an intimate look at four engaged citizens whose courage, sense of civic duty and ultimate sacrifice helped to transform Italian society.",81015994
,1,TV Show,Salt Fat Acid Heat,10/11/2018,2018,TV-PG,"Chef and food writer Samin Nosrat travels the world to explore four basic keys to wonderful cooking, serving up feasts and helpful tips along the way.",80198288
98,,Movie,??????,10/11/2018,2016,TV-14,"Amid the tumult following Egyptian President Morsi's ouster, demonstrators from divergent backgrounds are brought together inside a police truck.",80147323
,1,TV Show,Beyblade Burst Turbo,10/10/2019,2018,TV-Y7,"Yearning to earn the title of world blading champion, a novice competitor must harness his untamed potential through training and tournaments.",81172568
154,,Movie,GEN HOSHINO STADIUM TOUR “POP VIRUS”,10/10/2019,2019,TV-PG,Singer-songwriter Gen Hoshino takes the stage at the sold out Tokyo Dome in his highly anticipated 2019 Pop Virus dome tour.,81171871
,1,TV Show,Ultramarine Magmell,10/10/2019,2019,TV-14,"Decades after the sudden birth of a new continent, a young rescuer-for-hire provides aid to adventurers exploring this dangerous, uncharted world.",81019771
144,,Movie,22-Jul,10/10/2018,2018,R,"After devastating terror attacks in Norway, a young survivor, grieving families and the country rally for justice and healing. Based on a true story.",80210932
,1,TV Show,Blood Pact,10/10/2018,2018,TV-MA,"An ambitious TV reporter uses risky and ethically questionable methods to report on gang wars and police corruption in the Amazon port of Belém, Brazil.",81003880
110,,Movie,Tales From the Hood 2,10/10/2018,2018,R,Buckle up for an anthology of socially conscious horror stories that focus on the perils of racial injustice and the price of ignorance.,81015317
59,,Movie,Christina P: Mother Inferior,10/10/2017,2017,TV-MA,"Christina Pazsitzky hits Seattle with a biting dose of reality, telling truths about her childhood, getting older and the horrors of giving birth.",80205204
,1,TV Show,Nature's Great Events (2009),10/10/2015,2009,TV-PG,"This series looks at how seasonal changes cause shifting weather patterns and ocean currents, creating the conditions for spectacular wildlife events.",70245168
,1,TV Show,The Blue Planet: A Natural History of the Oceans,10/10/2015,2001,TV-G,"David Attenborough narrates this definitive exploration of the marine world, from the familiar to the unknown, revealing the sea and its communities.",70235731
71,,Movie,Chelsea Handler: Uganda Be Kidding Me Live,10/10/2014,2014,TV-MA,"In her first Netflix stand-up comedy special, Chelsea Handler recounts her African adventures (and provides hilarious photographic evidence).",80003481
93,,Movie,300 Miles to Heaven,10/1/2019,1989,TV-14,"Hoping to help their dissident parents, two brothers sneak out of Poland and land as refugees in Denmark, where they are prevented from returning home.",81168338
77,,Movie,A.M.I.,10/1/2019,2019,TV-MA,"After losing her mother, a teenage girl bonds with her phone’s artificial intelligence app, a relationship that soon takes a dark and violent turn.",81103033
103,,Movie,Along Came a Spider,10/1/2019,2001,R,"When a girl is kidnapped from a prestigious prep school, a homicide detective takes the case, teaming up with young security agent.",60002273
45,,Movie,Alpha and Omega 2: A Howl-iday Adventure,10/1/2019,2013,TV-G,"In this animated outdoor adventure, wolf couple Humphrey and Kate face a crisis when one of their three cubs disappears without explanation.",70297962
119,,Movie,Bad Boys,10/1/2019,1995,R,"In this fast-paced actioner, two Miami narcotics cops are hot on the trail of a master crook who has snatched $100 million worth of heroin.",269880
147,,Movie,Bad Boys II,10/1/2019,2003,R,"In this hyperkinetic sequel, a pair of Miami narcotics cops investigate a Cuban drug kingpin's connection to Florida's influx of Ecstasy.",60029167
123,,Movie,Blow,10/1/2019,2001,R,Cocaine smuggler George rises from poverty to become one of the biggest drug dealers in America before his eventual downfall.,60020891
99,,Movie,Candyman,10/1/2019,1992,R,"Grad student Helen Lyle unintentionally summons the Candyman, a hook-handed creature made flesh by other people's belief in him.",347365
98,,Movie,Charlie's Angels,10/1/2019,2000,PG-13,"Three beauties use their looks, charm and martial-arts training to kick butt on the trail of stolen software in this reboot of the classic TV series.",60003242
106,,Movie,Charlie's Angels: Full Throttle,10/1/2019,2003,PG-13,"In this reboot of the TV classic, the Angels are tasked with finding lost rings encoded with the personal information of people in witness protection.",60027726
,1,TV Show,Cheese in the Trap,10/1/2019,2016,TV-14,"In this adaptation of a popular webtoon, a poor student trying to navigate college life gains the attention of a wealthy upperclassman with a dark side.",81166946
,1,TV Show,Chicago Typewriter,10/1/2019,2017,TV-14,A veterinarian and two writers have a mysterious connection to Korean independence fighters from the Japanese colonial period.,81167065
,1,TV Show,College Romance,10/1/2019,2018,TV-MA,"Three best friends look for love, laughs and some lifelong memories while attending college together.",81113888
112,,Movie,Crash,10/1/2019,2004,R,"In post-Sept. 11 Los Angeles, tensions erupt when the lives of people from all walks of life converge during a 36-hour period.",70023961
85,,Movie,Dumb and Dumberer: When Harry Met Lloyd,10/1/2019,2003,PG-13,This wacky prequel to the 1994 blockbuster goes back to the lame-brained title characters' days as classmates at a Rhode Island high school.,60027716
91,,Movie,Earth to Echo,10/1/2019,2014,PG,"When a construction project begins in their neighborhood, four friends start receiving bizarre encoded text messages on their cell phones.",70287957
,1,TV Show,Engineering Girls,10/1/2019,2018,TV-14,"Three engineering students deal with dorm drama, date around, and do whatever it takes to make their dreams come true.",81113890
88,,Movie,"Escape from the ""Liberty"" Cinema",10/1/2019,1990,TV-MA,"Artistic rebellion ignites at the movies when film characters suddenly speak freely to the audience, prompting a surly censor to combat the uprising.",81168345
101,,Movie,Exit Wounds,10/1/2019,2001,R,Maverick cop Orin Boyd joins forces with an unlikely ally in gangster Latrell Walker to take down a group of dirty Detroit cops.,60020892
90,,Movie,First Kiss,10/1/2019,2018,TV-PG,A starry-eyed employee of a hot cosmetics company hires a dreamy photographer who is secretly indebted to a major rival – her sketchy aunt.,81164752
,1,TV Show,Girls Hostel,10/1/2019,2018,TV-MA,Four girls from different backgrounds become unlikely friends when they move into a dormitory for female dental students.,81113886
96,,Movie,Good Burger,10/1/2019,1997,PG,Two L.A. teens with summer jobs at Good Burger try to save their small restaurant when a corporate giant burger franchise moves in across the street.,60028097
99,,Movie,Good Luck Chuck,10/1/2019,2007,UR,"Every time Chuck breaks up with a girlfriend, she ends up engaged to her next boyfriend. Soon, women are dating Chuck in hopes of meeting Mr. Right.",70065112
101,,Movie,Harold & Kumar Escape from Guantanamo Bay,10/1/2019,2008,R,Harold and Kumar jump on a plane to catch up with Harold's love interest but must change their plans when Kumar is accused of being a terrorist.,70083108
111,,Movie,Honey 2,10/1/2019,2011,PG-13,"Determined to prove herself as a street dancer, Maria heads from juvie to a Bronx rec center where she's introduced to her dance idol, Honey Daniels.",70184050
96,,Movie,Hotel Pacific,10/1/2019,1975,TV-MA,A motivated teen strives to rise from dishwasher to waiter at a luxury hotel only to tread in the abusive tide of its workplace hierarchy.,81168347
86,,Movie,House of the Witch,10/1/2019,2017,TV-14,A group of daring teens finds themselves in a fight for their lives inside a haunted house when a sinister spirit crashes their Halloween party.,81003460
,1,TV Show,Inmates,10/1/2019,2017,TV-MA,"While living under one roof, five close-knit 20-somethings maneuver the highs and lows of friendship, romantic entanglements and finding themselves.",81113887
97,,Movie,Jealousy and medicine,10/1/2019,1973,TV-MA,"Tormented by mistrust, a businessman hires a cagey tailor to track his wife's whereabouts with her doctor only to send his mind further down an abyss.",81168348
121,,Movie,Knowing,10/1/2019,2009,PG-13,An MIT astrophysics professor and his son unearth a string of numbers from a time capsule that seem to reveal a cataclysm that will wipe out humanity.,70095135
59,,Movie,Limitless,10/1/2019,2017,TV-PG,This documentary follows eight women in India who struggle with self-confidence and society's expectations but rediscover themselves through running.,81191254
58,,Movie,Little Baby Bum: Go Buster,10/1/2019,2019,TV-Y,This compilation for preschoolers features a peppy young bus and his first life experiences where bumps in the road won't stop him from a fun ride.,81179400
90,,Movie,Medium,10/1/2019,1985,TV-MA,"In 1930s Poland, a powerful psychic steers a group of strangers toward a fated convergence that ensures survival for one and annihilation for others.",81168340
88,,Movie,Men in Black II,10/1/2019,2002,PG-13,Will Smith and Tommy Lee Jones reprise their roles as two highly secretive and unofficial government agents dealing with all things evil and alien.,60023597
,1,TV Show,Miniforce X,10/1/2019,2018,TV-Y7-FV,Zenos wants to use the Earth’s negative energy for his own good – and it's up to Miniforce X to stop this space alien’s evil plans.,81036448
64,,Movie,Nikki Glaser: Bangin’,10/1/2019,2019,TV-MA,"Nikki Glaser bares all in a blistering stand-up special about sex, sobriety and getting over her own insecurities. And she won't spare you the details.",81002876
104,,Movie,No Reservations,10/1/2019,2007,PG,"Kate, an uptight chef, finds her life turned upside down when her sister dies in a car accident and she becomes her niece's sole guardian.",70058017
122,,Movie,Ocean's Thirteen,10/1/2019,2007,PG-13,This entry in the all-star caper franchise finds debonair con man Danny Ocean and his gang taking revenge on a double-crossing Las Vegas kingpin.,70058024
125,,Movie,Ocean's Twelve,10/1/2019,2004,PG-13,"Danny Ocean reunites with his old flame and the rest of his merry band of thieves in a caper covering three huge heists in Rome, Paris and Amsterdam.",70011211
92,,Movie,One Direction: This Is Us,10/1/2019,2013,PG,Award-winning documentarian Morgan Spurlock turns his camera on boy band phenomenon One Direction in this combination concert film and backstage pass.,70271599
129,,Movie,Raging Bull,10/1/2019,1980,R,"This gritty biopic of brutal boxer Jake LaMotta portrays a tormented soul rising to the top of his sport, only to be undone by his demons.",70020699
79,,Movie,Rugrats in Paris: The Movie,10/1/2019,2000,G,The Rugrats take to the big screen and visit Paris when Mr. Pickles gets summoned to fix a giant robot at the EuroReptarland theme park.,60003540
121,,Movie,Scream 2,10/1/2019,1997,R,"Gale has written a best-seller which has been turned into a film. As the movie premiere looms closer, the mysterious deaths begin again.",1181550
106,,Movie,Senna,10/1/2019,2010,PG-13,"This fast-paced documentary profiles Ayrton Senna, one of the greatest drivers in the history of Formula One racing, and a hero in his native Brazil.",70170051
,1,TV Show,Signal,10/1/2019,2016,TV-14,"Communicating via a walkie-talkie that transcends time, a profiler from 2015 and a detective from 1989 join forces to tackle crimes and injustice.",80987077
124,,Movie,Sin City,10/1/2019,2005,R,"In these intertwined tales, an ex-con avenges a hooker's death, a gumshoe gets mixed up with dangerous vixens, and a cop saves a dancer from a rapist.",70021630
87,,Movie,Sinister Circle,10/1/2019,2017,TV-MA,A psychologist and her mute son confront evil forces at the site of a terrible tragedy involving an ancestral Ouija board and a demonic secret society.,81043753
125,,Movie,Supergirl,10/1/2019,1984,PG,"When she loses her city's vital power supply, Kryptonian Kara follows it to Earth in the hopes of retrieving it. Although gifted with powers like her cousin Superman, Kara struggles to defeat the evil Selena, who now controls the mighty object.",60001761
154,,Movie,Superman Returns,10/1/2019,2006,PG-13,"When Superman returns to Metropolis, he finds that Lois Lane has moved on to another man and Lex Luthor is developing a new plan to rule the world.",70041963
86,,Movie,Surf's Up,10/1/2019,2007,PG,This Oscar-nominated mockumentary goes behind the scenes at the Penguin World Surfing Championship to get a close-up look at the inventors of surfing.,70058025
111,,Movie,The Bounty Hunter,10/1/2019,2010,PG-13,"Bounty hunter Milo Boyd finds his latest assignment downright satisfying as he learns that the bail-jumper he must chase down is his ex-wife, Nicole.",70128696
97,,Movie,The Bucket List,10/1/2019,2007,PG-13,Two terminally ill men bust out of the cancer ward with a plan to experience life to the fullest before they kick the bucket.,70077542
66,,Movie,The Cruise,10/1/2019,1970,TV-PG,"When the captain of a pleasant cruise ship mistakes a mischievous stowaway the entertainment director, wild and wacky hijinks ensue.",81168342
121,,Movie,The Figurine (Araromire),10/1/2019,2009,TV-14,"When a pair of friends discovers a mystical sculpture in an abandoned shrine, good fortune is bestowed upon them – until luck starts running out.",81165772
91,,Movie,The Flintstones,10/1/2019,1994,PG,The Flintstones hit the big screen in this live-action comedy that finds Fred and Barney struggling to cope with the pressures of work and family.,510854
91,,Movie,The Flintstones in Viva Rock Vegas,10/1/2019,2000,PG,"Yabba-dabba-doo! Digital dinosaurs rule the day when Fred, Barney, Betty and Wilma take Vegas by storm in this prequel that posits their lives before marriage.",60000921
,1,TV Show,The K2,10/1/2019,2016,TV-14,A fugitive soldier gets swept up in personal and political intrigue when he's hired as a bodyguard for the family of a presidential candidate.,80188730
,1,TV Show,The Liar and His Lover,10/1/2019,2017,TV-PG,A talented singer falls in love at first sight with a music prodigy who has an affinity for lies – and a knack for being a hit-making producer.,81167083
82,,Movie,The lynx,10/1/2019,1982,TV-14,A priest's duties are tested when a young guerrilla asks for absolution while confessing his plans to murder a local man he believes is a traitor.,81168343
117,,Movie,The Pursuit of Happyness,10/1/2019,2006,PG-13,"When Chris and his son are evicted, they face trying times as a desperate Chris accepts an unpaid internship at a stock brokerage firm.",70044605
81,,Movie,The Rugrats Movie,10/1/2019,1998,G,"When his baby brother Dil is born, Tommy Pickles and his pals decide that he's too much responsibility and try to return him to the hospital.",18021979
84,,Movie,The spiral,10/1/2019,1978,TV-MA,"When an unbearable stranger arrives at a winter mountain resort and vanishes overnight, his dark past comes to light.",81168344
81,,Movie,The Squid and the Whale,10/1/2019,2005,R,This insightful drama looks at the crumbling marriage between a self-centered novelist – whose career is waning – and his up-and-coming writer wife.,70020750
107,,Movie,The Time Traveler's Wife,10/1/2019,2009,PG-13,"Due to a genetic disorder, handsome librarian Henry involuntarily zips through time, appearing at various moments in the life of his true love.",70105596
94,,Movie,Trainspotting,10/1/2019,1996,R,"Renton and his mates cope with the gritty realities of heroin addiction. But when Renton gets clean, he can't get away from his friends' nasty habits.",60037022
163,,Movie,Troy,10/1/2019,2004,R,"The love-struck Prince Paris of Troy kidnaps beauty Helen from her husband, setting the two nations on a collision course for war.",60034571
,1,TV Show,Tunnel,10/1/2019,2017,TV-MA,"While chasing a serial murderer, a detective ends up 30 years in the future, where he tries to solve the case alongside new partners.",81167047
90,,Movie,Unaccompanied Minors,10/1/2019,2006,PG,"Five disparate kids, snowed in at the airport on Christmas Eve, try to get back to their families and outsmart a disgruntled airport official.",70053456
96,,Movie,Walking Out,10/1/2019,2017,PG-13,"A suburban teen goes hunting with his estranged father. When a mishap with a bear occurs, he must his use his survival skills to save them both.",80173150
91,,Movie,Weather forecast,10/1/2019,1983,TV-MA,"When a delivery of coffins foreshadows a harsh winter, residents of a retirement home escape their confines and rediscover the world outside.",81168341
93,,Movie,Westerplatte Resists,10/1/2019,1967,TV-MA,"At the onset of World War II, a Polish infantry lacking firepower fight to build a strong defense and protect their peninsula against enemy forces.",81168346
140,,Movie,25 Kille,10/1/2018,2016,TV-PG,"Four brothers learn that they have inherited ancestral land, but must fight to claim it when a greedy feudal lord threatens to take it over.",80137461
91,,Movie,A Witches' Ball,10/1/2018,2017,PG,"Beatrix can't wait to be inducted as a witch, but an unfortunate incident threatens to take her pending title away if she doesn't act fast.",81012857
97,,Movie,Agyaat,10/1/2018,2009,TV-MA,A film crew shooting in a remote forested location begins losing members one by one to a mysterious entity that they cannot see or hear.,70123116
146,,Movie,Anjaan,10/1/2018,2014,TV-MA,"Mild-mannered Krishna comes to Mumbai to search for his gang-leader brother, and quickly finds himself in way over his head.",80190101
118,,Movie,Bathinda Express,10/1/2018,2016,TV-14,An ambitious young athlete endeavors to revive his floundering running career after falling prey to negative influences.,81024712
133,,Movie,Brooklyn's Finest,10/1/2018,2009,R,"Three cops find themselves hurtling toward the same crime scene on one fatal night in this tense, edge-of your-seat thriller.",70112494
106,,Movie,Chappaquiddick,10/1/2018,2017,PG-13,Senator Ted Kennedy watches his future unravel in the wake of an infamous car crash as family and allies vie to protect his reputation.,80215922
,1,TV Show,Civilizations,10/1/2018,2018,TV-14,"Expanding Kenneth Clark's 1969 ""Civilisation"" series for a new generation, this reboot explores the art of cultures around the world, throughout time.",81012415
128,,Movie,Delhi 6,10/1/2018,2009,TV-14,"In the ancient walled city of Delhi, an American-born Indian finds himself on an unexpected inner journey as he learns about himself and his roots.",70113306
137,,Movie,Dev.D,10/1/2018,2009,TV-MA,"Because they come from different castes, the son of a tax collector and his true love are not allowed to marry, sending them down divergent paths.",70113305
145,,Movie,Dil Vil Pyaar Vyaar,10/1/2018,2014,TV-PG,"Agam Singh's brothers mean everything to him, so while he promises not to marry, he tries to get them to marry – but they want him to marry first.",80032472
141,,Movie,Dushman,10/1/2018,2017,TV-14,An Indian hotel waiter forms an unlikely bond with a Pakistani colleague when the establishment’s criminal owner threatens to ruin both their lives.,81024703
,1,TV Show,Earth's Natural Wonders: Life at the Extremes,10/1/2018,2018,TV-14,"From the Arctic to the Outback, humans battle the elements and use their ingenuity to survive in the most extreme environments in the world.",81012402
106,,Movie,Ek Main Aur Ekk Tu,10/1/2018,2012,TV-14,Bollywood stars Imran Khan and Kareena Kapoor pair up to play exceptionally dissimilar lovers in this lighthearted romantic comedy.,70181653
61,,Movie,Fishtail,10/1/2018,2015,NR,Harry Dean Stanton narrates this documentary that follows two modern-day cowboys as they welcome new calves at Montana's Fishtail Basin Ranch.,80048200
135,,Movie,Freedom at Midnight,10/1/2018,2018,TV-MA,"Jailed after becoming entangled in the murder of a cop, a prisoner assembles a team of inmates to hatch a plan for making a getaway.",81025884
137,,Movie,Haani,10/1/2018,2013,TV-14,"When a man discovers that he can communicate with his grandfather's spirit, it leads to two love stories intertwining 50 years apart.",80032474
129,,Movie,Happy Go Lucky,10/1/2018,2014,TV-14,"Three sisters seem to be ideal brides for three brothers. But when the girls' father won't allow the marriages, the boys use trickery to pull it off.",80032476
99,,Movie,Harishchandrachi Factory,10/1/2018,2009,TV-PG,"Against a backdrop of burgeoning social unrest, a neophyte filmmaker makes history in 1913 as the director of India's first feature-length film.",70127589
,1,TV Show,Hot Date,10/1/2018,2018,TV-MA,Interconnected sketches and performances skewer the madness and misunderstandings of modern relationships.,80225696
155,,Movie,Jagga Jasoos,10/1/2018,2017,TV-14,"An eccentric, self-proclaimed detective goes on an action-packed hunt for his missing father, with an awkward but adventurous journalist by his side.",80104130
142,,Movie,Jatt James Bond,10/1/2018,2014,TV-14,"Shinda loves Laali but can't have her, so he and his friends come up with an elaborate plan to solve all their problems and win her.",80032473
214,,Movie,Jodhaa Akbar,10/1/2018,2008,TV-14,"In 16th-century India, what begins as a strategic alliance between a Mughal emperor and a Hindu princess becomes a genuine opportunity for true love.",70090035
137,,Movie,Judge Singh LLB,10/1/2018,2015,TV-14,"Framed by a politician for committing murder, a lower-class boy hires the only counsel he can afford: a lawyer with no courtroom experience.",81024713
128,,Movie,Kaminey,10/1/2018,2009,TV-MA,"A young man pursues his dreams of wealth by breaking the law, while his twin brother tries to better his life through hard work and honesty.",70117268
89,,Movie,Kevin Hart: Laugh at My Pain,10/1/2018,2011,R,"Sometimes edgy and always hilarious, comedian Kevin Hart shines in this theatrical version of his record-breaking 2011 live tour.",70211216
67,,Movie,Kevin Hart: Seriously Funny,10/1/2018,2010,TV-MA,"With his unique hip-hop style delivery, African American stand-up comedian Kevin Hart expounds on life at a sold-out concert performance.",70140322
151,,Movie,Khido Khundi,10/1/2018,2018,TV-14,An embittered former hockey star must engage with the sport again to help his brother assemble a team for a momentous match against the British.,81024696
121,,Movie,Khoobsurat,10/1/2018,2014,TV-14,A free-spirited doctor is hired to assist an injured king and winds up challenging his family's tradition-bound lifestyle as she falls for his son.,70303428
,1,TV Show,Kingdoms of the Sky,10/1/2018,2018,TV-PG,Meet the astonishing animals and adventurous people living on some of the most spectacular – and formidable – mountain ranges in the world.,81012407
101,,Movie,Kisaan,10/1/2018,2009,TV-14,A bitter family battle ensues between a father and his sons when a businessman makes a deal that entices farmers to sell off their properties.,70125882
145,,Movie,Kismat Konnection,10/1/2018,2008,TV-PG,"A man finds his lucky charm in the form of a woman whom he had once clashed with on every level, but on whose presence he must now rely to succeed.",70101039
147,,Movie,Kurbaan,10/1/2018,2009,TV-MA,"When a young Indian couple moves to the American suburbs, they are shocked to discover that they've become enmeshed in a secret terrorist plot.",70123121
90,,Movie,Lock,10/1/2018,2016,TV-14,"A disillusioned rickshaw driver in Punjab dreams of moving to Dubai, but his plan to butter up his would-be benefactor goes horribly wrong.",80152182
129,,Movie,Luv Shuv Tey Chicken Khurana,10/1/2018,2012,TV-14,"Fleeing London to evade a gangland debt collector, Omi Khurana returns to his native village in India, passing himself off as a successful lawyer.",70229042
129,,Movie,"Main, Meri Patni Aur Woh",10/1/2018,2005,TV-14,"An ordinary-looking guy weds the woman of his dreams, but his jealousy threatens to destroy their union in this lighthearted tale of marital mismatch.",70042756
136,,Movie,Manje Bistre,10/1/2018,2017,TV-PG,"While prepping for a family wedding, a young man falls for his sister’s friend, who has already been promised to someone else.",80187618
117,,Movie,Motor Mitraan Di,10/1/2018,2016,TV-14,"When three brothers unwittingly get entangled in a murder associated with a fraudulent ashram leader, they set out to expose him to society as a fake.",81024704
74,,Movie,Mountain,10/1/2018,2017,PG,"Featuring breathtaking imagery and thought-provoking narration, this film takes viewers to the summits of some of the world’s most amazing mountains.",80221498
150,,Movie,Mugamoodi,10/1/2018,2012,TV-14,A martial arts specialist accidentally becomes a superhero when he steps in – in costume – to help the cops catch a criminal.,70229047
134,,Movie,Muran,10/1/2018,2011,TV-14,"When jingle composer Nanda's car breaks down on his way to Chennai, he hitchhikes there with Arjun, who tries to rope Nanda into a shady deal.",70229555
100,,Movie,My Friend Pinto,10/1/2018,2011,TV-PG,A bright-eyed villager comes face-to-face with the gritty realities of modern-day Mumbai when he sets out to find his childhood friend.,70213515
44,,Movie,My Little Pony Equestria Girls: Forgotten Friendship,10/1/2018,2018,TV-Y7,School yearbook editor Sunset Shimmer has suddenly been erased from the memories of her best friends and must find out how to fix this.,81018563
44,,Movie,My Little Pony Equestria Girls: Rollercoaster of Friendship,10/1/2018,2018,TV-Y7,"Rarity gets a summer job at Equestria Land, making Applejack feel jealous. But when their friends start vanishing, they must work together to find them.",81018565
111,,Movie,My Suicide,10/1/2018,2009,NR,"After declaring that he's going to film himself committing suicide for a school project, Archie videotapes reactions from friends and family.",70114948
147,,Movie,Naan Sigappu Manithan,10/1/2018,2014,TV-MA,"After his sleeping disorder hinders him from protecting his girlfriend, a man sets out to take revenge on the thugs who attacked her.",80190103
115,,Movie,Nasha,10/1/2018,2013,TV-MA,"A teenage boy becomes smitten with his new drama teacher and pursues her, despite the perilous risks of being found out.",81024729
,1,TV Show,Nature: Animals With Cameras,10/1/2018,2018,TV-PG,"With custom-built cameras attached to their bodies, animals from nine species offer a rare and intimate glimpse into their lives.",81012427
121,,Movie,Naughty Jatts,10/1/2018,2013,TV-PG,"When three different boys propose to a lively, strictly reared girl who yearns to be a performer, she agrees to marry the winner of a singing contest.",80032477
103,,Movie,Needhi Singh,10/1/2018,2016,TV-MA,"When her friend’s rapist evades punishment from the law, a determined young woman takes revenge into her own hands in this story based on real events.",81024711
73,,Movie,Peace Haven,10/1/2018,2016,TV-14,Complications around the cremation of their deceased friend inspire three septuagenarian friends to build their own mortuary.,81025908
129,,Movie,Phantom,10/1/2018,2015,TV-14,India's primary intelligence agency sends an enigmatic operative on a top-secret mission to avenge the 11/26 terrorist attack on Mumbai.,70303495
102,,Movie,Pizza,10/1/2018,2014,TV-14,A pizza delivery boy who doesn't believe in the supernatural is forced to confront his convictions after being trapped in a house on his route.,70303429
122,,Movie,Pooja Kiven Aa,10/1/2018,2013,TV-PG,"When a woman arrives in Mumbai and hires three spirited boys to care for her estate, she discovers they're more trustworthy than her family members.",80084768
155,,Movie,Race,10/1/2018,2008,TV-14,The plot thickens around two horse-racing competitors when three beautiful women come into their lives and a murder is committed.,70096752
139,,Movie,Race 2,10/1/2018,2013,TV-14,"In this sequel set in the world of horse racing, half-brothers Ranvir and Rajiv Singh return for another complex tale of love, greed and violence.",70229046
131,,Movie,Saadey CM Saab,10/1/2018,2015,TV-14,Three old friends who have always hated politics are in for a shock when the friend who dislikes politics the most is somehow elected head minister.,80084767
127,,Movie,Sat Shri Akaal England,10/1/2018,2017,TV-14,"After several failed attempts to obtain a visa, a man desperate to escape Punjab pays a British woman to marry him so he can move to England.",81024701
,1,TV Show,Strong,10/1/2018,2016,TV-PG,Gabrielle Reece hosts a transformative competition of tough fitness challenges as 10 women partner with 10 elite personal trainers.,81031355
156,,Movie,Thaandavam,10/1/2018,2012,TV-14,"In London, a mysterious blind man named Kenny appears to be an assassin who uses echolocation to kill, but there is more to Kenny than meets the eye.",70229048
91,,Movie,The Birth Reborn,10/1/2018,2018,TV-MA,"Featuring experts in their fields and raw and moving footage, this documentary makes a case for increased autonomy in women's choices for childbirth.",80995576
132,,Movie,Theeya Velai Seyyanum Kumaru,10/1/2018,2013,TV-PG,"When shy Kumar gets stuck on the losing end of a love triangle, the Love Doctor, Mokia, has a strategy for Kumar to win the love of his life.",70292836
,1,TV Show,Three Wives One Husband,10/1/2018,2018,TV-PG,"A film crew captures a year in the life of modern polygamist families at Rockland Ranch, a community for fundamentalist Mormons in the Utah desert.",80240397
130,,Movie,Tiger,10/1/2018,2016,TV-MA,"Imprisoned for drug smuggling as a child, a young man uses the law he studied while in jail to take revenge on those who wronged him.",80141767
137,,Movie,Udaan,10/1/2018,2010,TV-MA,"Upon returning to his industrial hometown, a young man must decide whether to follow his own dreams or acquiesce to his father's plans for his future.",70139542
132,,Movie,V for Vendetta,10/1/2018,2005,R,"A masked freedom fighter known as ""V"" takes up arms against a totalitarian government and finds an unlikely ally in a young woman.",70039175
156,,Movie,Vettai,10/1/2018,2012,TV-MA,"This powerful Tamil action film follows the shared fate of two very different siblings: policeman Thiru and his roguish brother, Guru.",70225597
132,,Movie,Wake Up Sid,10/1/2018,2009,TV-14,A spoiled trust fund brat finds himself stuck in a rut of meaningless late-night parties – until he meets a significantly older woman and writer.,70123119
119,,Movie,We Are Family,10/1/2018,2010,TV-PG,A divorced mother of three children runs a happy household – until her former husband brings his new career-oriented girlfriend into the picture.,70150437
140,,Movie,What the Jatt!!,10/1/2018,2015,TV-14,"A peasant from Punjab and his best friend pose as detectives, filmmakers and more while trying to retrieve stolen money in this romantic comedy.",80084667
101,,Movie,Zack and Miri Make a Porno,10/1/2018,2008,R,Zack and Miri make and star in an adult film to bring in easy money. But their unspoken feelings for each other might threaten the whole enterprise.,70099118
126,,Movie,Zindagi Kitni Haseen Hay,10/1/2018,2016,TV-14,"Two young parents struggle to keep their marriage afloat and their son protected amidst financial woes, career goals and clashes of ego.",81024705
135,,Movie,26 Years,10/1/2017,2012,TV-MA,"Twenty-six years after the 1980 massacre at Gwangju, South Korea, three relatives of the victims come together to avenge the infamous orchestrator.",80198771
107,,Movie,April and the Extraordinary World,10/1/2017,2015,PG,"After the world's top scientists disappear, orphaned April secretly forges ahead with a family experiment and gets tangled up in a vast conspiracy.",80062096
74,,Movie,Barbie & Her Sisters in a Pony Tale,10/1/2017,2013,TV-Y,"Barbie and her sisters set off on a Swiss adventure to the majestic Alps, where they're excited to spend the summer at a fun-filled riding academy!",70291096
74,,Movie,Barbie in A Mermaid Tale,10/1/2017,2010,TV-Y,"Surf champ Merliah discovers she's actually a mermaid in a girl's body. With the help of a dolphin, Merliah must rescue her mom, the Queen of Oceana.",70130483
74,,Movie,Barbie in Princess Power,10/1/2017,2015,TV-Y,"A princess with a predictable life finds herself transformed by a magical butterfly's kiss into Super Sparkle, a crime-fighting superhero.",80031038
83,,Movie,Barbie in Rock 'N Royals,10/1/2017,2015,TV-Y,"When royal Princess Courtney trades places with famous rock star Erika, two worlds collide while both learn to appreciate new friends and experiences.",80065930
79,,Movie,Barbie Star Light Adventure,10/1/2017,2016,TV-Y,"A hoverboard-riding princess of the cosmos, Barbie must band together with a team of talented new friends to save the stars from winking out.",80112370
72,,Movie,Barbie: A Fairy Secret,10/1/2017,2010,TV-Y7,"When devilish fairies capture Ken and fly away with him, Barbie and Raquelle travel to the glittering fairy world of Gloss Angeles to save him.",70165189
80,,Movie,Barbie: Princess Charm School,10/1/2017,2011,TV-Y,"Blair Willows is excited when she gets to go to Princess Charm School, where she meets princesses Delancy and Hadley, and searches for a magic crown.",70197459
75,,Movie,Barbie: Spy Squad,10/1/2017,2016,TV-Y,"A high-tech spy agency transforms Barbie and her best friends into secret agents, using their gymnastics skills to bring down a cunning cat burglar.",80095193
75,,Movie,Barbie: The Princess & the Popstar,10/1/2017,2012,TV-Y,"Barbie stars as a princess who would rather sing and dance than be a royal. When a famous pop star visits the kingdom, they decide to switch places.",70246439
72,,Movie,Barbie: Video Game Hero,10/1/2017,2017,TV-Y,"Pulled into her favorite video game, Barbie becomes a fun, roller-skating heroine who's battling a sinister emoji that's trying to take over.",80158155
,1,TV Show,Beyblade Burst,10/1/2017,2016,TV-Y7,"Middle schooler Valt Aoi, with his Beyblade Valtryek, faces off against friends, classmates and rivals to become the world's number one Blader.",80202539
80,,Movie,Boy and the World,10/1/2017,2013,PG,"Young Cuca leaves his idyllic village on a grand adventure to find his father, who has traveled to the city seeking work.",80063617
,1,TV Show,City in the Sky,10/1/2017,2016,TV-PG,"This series explores the magnitude and scale of modern air travel, and the challenges faced by those responsible for its smooth functioning.",80204252
,1,TV Show,Equestria Girls: Tales of Canterlot High,10/1/2017,2017,TV-Y,"In an alternate universe Equestria, the ponies have become teenage girls who must learn what it means to be human while attending Canterlot High.",80191075
,1,TV Show,Food: Delicious Science,10/1/2017,2017,TV-PG,"In this series, TV presenter Michael Mosley and botanist James Wong explore the physics, chemistry and biology inside every bite of food we eat.",80204401
93,,Movie,For Your Own Good,10/1/2017,2017,TV-MA,"Three brothers-in-law join forces to secretly drive away their daughters' undesirable boyfriends: anarchist Álex, bad-boy Dani and playboy Ernesto.",80202503
79,,Movie,Franca: Chaos and Creation,10/1/2017,2016,TV-MA,"A documentary filmmaker chronicles the life and times of his mother, Franca Sozzani, the editor of Italian Vogue and a fashion-world provocateur.",80147971
86,,Movie,Frances Ha,10/1/2017,2012,R,"Determined to make it as a modern dancer in New York, a young woman pursues her unlikely goal with more enthusiasm than natural talent.",70257412
107,,Movie,Generation Iron 2,10/1/2017,2017,PG-13,"New-generation bodybuilding stars – including Rich Piana, Kai Greene and Calum von Moger – share their experiences competing in the demanding sport.",80172937
47,,Movie,Ghost Patrol,10/1/2017,2016,TV-Y7-FV,Two kids and their pet dog (aka the Ghost Patrol) get a call about an old manor and soon find they are investigating their first real haunted house.,80118280
,1,TV Show,Great Yellowstone Thaw,10/1/2017,2017,TV-PG,This series explores the effects of the extreme temperature variations at Yellowstone National Park on the animals that live there.,80204402
107,,Movie,I Am Bolt,10/1/2017,2016,PG,"Mixing archival footage with present-day interviews, Olympic champion and global icon Usain Bolt opens up about his athletic legacy.",80135360
119,,Movie,I'm in Love with a Church Girl,10/1/2017,2013,PG,"When a tough-minded ex-drug dealer falls for a beautiful but highly devout woman, their mutual attraction takes them both down a twisty path.",70286355
108,,Movie,Ice Guardians,10/1/2017,2016,TV-MA,"This film explores the controversial role of ice hockey ""enforcers,"" as well as the physical and mental price paid by the game's notorious tough guys.",80150246
,1,TV Show,Justice in the City,10/1/2017,2012,TV-14,"Repeatedly on opposite sides of civil cases, two lawyers fall in love outside the courtroom, but circumstances hinder their romance from blossoming.",80156995
85,,Movie,Kahlil Gibran's The Prophet,10/1/2017,2014,PG,A troubled young girl and her mother find solace on a journey with a subversive poet whose words captivate their hearts and imaginations.,80017272
90,,Movie,Miss Hokusai,10/1/2017,2015,PG-13,"Herself a talented artist, O-Ei works with her father, Tetsuzo, later known as Hokusai, on the woodblock prints that would make Edo famous worldwide.",80075828
72,,Movie,Monster High: Great Scarrier Reef,10/1/2017,2016,TV-Y7,"At a Monster High party, Lagoona and pals are sucked into the reef, where she'll have to come to terms with her flaws and confront an old frenemy.",80095089
23,,Movie,Monster High: New Ghoul at School,10/1/2017,2010,TV-Y7,"Insecure new student Frankie Stein struggles to fit in at Monster High, where ultra-cool ghoul Cleo De Nile and hunky monster Deuce rule the roost.",80208176
68,,Movie,My Life as a Zucchini,10/1/2017,2016,PG-13,"A 9-year-old boy finds his life upended when he's sent to live in an orphanage in this stop-motion animated tale of loss, friendship and young love.",80116741
,1,TV Show,Nature's Great Race,10/1/2017,2016,TV-PG,"Epic footage captures three of the world's most significant land migrations, following elephants, caribou and zebras on their treacherous journeys.",80204400
85,,Movie,Phantom Boy,10/1/2017,2015,PG,A boy whose illness allows him to float outside his body uses his newfound skill to help a cop take on a madman who's terrorizing New York City.,80063290
,1,TV Show,PJ Masks,10/1/2017,2016,TV-Y,"Three 6-year-old kids who live normal lives during the day become superheroes at night, fighting crime as a team known as PJ Masks.",80187223
,1,TV Show,Sudden,10/1/2017,2013,TV-14,A car accident sends four lawyers spiraling in different directions as they scramble to rebuild their shattered lives.,80190518
,1,TV Show,The Code,10/1/2017,2014,TV-MA,"Investigating a deadly car crash, a journalist and his hacker brother stumble into a conspiracy that reaches into the upper echelons of government.",80002999
,1,TV Show,The Dream Catchers,10/1/2017,2009,TV-14,Four engineers from different walks of life cross paths in pursuit of the same selfless dream: making the world a better place – and finding love.,80157275
84,,Movie,The Free Man,10/1/2017,2016,TV-PG,Olympic freestyle skier Jossi Wells learns the dangerous extreme sport of highlining with help from death-defying daredevils the Flying Frenchies.,80162195
118,,Movie,The Lion Woman,10/1/2017,2016,TV-PG,A girl born with a condition that causes abnormal hair growth across her body tries to cope with the challenges of being different.,80106036
116,,Movie,The President's Barber,10/1/2017,2004,TV-MA,"The personal barber to the president, as well as his wife and only son, get tangled in the political chaos that gripped South Korea in the late 1900s.",80198687
89,,Movie,Tokyo Idols,10/1/2017,2017,TV-14,"This documentary follows J-Pop idol Rio and her predominantly middle-aged fans, and their seemingly transactional interactions.",80163353
81,,Movie,Verónica,10/1/2017,2017,TV-MA,"A reclusive psychologist agrees to treat a patient – whose therapist is missing – at her remote cabin, where the women test each other's boundaries.",80162246
73,,Movie,Welcome to Monster High: The Origin Story,10/1/2017,2016,TV-Y7,Dracula's daughter Draculaura sets out to create a new kind of school where monsters of all kinds can be themselves and have a scary good time.,80112371
,1,TV Show,What She Put on the Table,10/1/2017,2017,TV-PG,"Based on the life of TV chef Fu Pei-mei, this drama follows two women – one rich, the other poor – who fortuitously cross paths in 1950s Taiwan.",80189209
140,,Movie,Wrong Side Raju,10/1/2017,2016,TV-MA,The life of a chauffeur and part-time bootlegger takes a turn toward the dramatic when a girl approaches him to buy illicit alcohol.,80208413
,1,TV Show,Be with Me,10/1/2016,2015,TV-14,"They were the boy band to beat until fame tore them apart. Ten years later, five friends and an ex-love reunite and find themselves closer than ever.",80111818
,1,TV Show,Be with You,10/1/2016,2015,TV-14,"After reconnecting with their girlhood crushes, two sisters find their lives turned upside down by surprising revelations and romantic intrigue.",80116939
86,,Movie,Bombshell,10/1/2016,2016,TV-MA,"In 1985, when a vessel protesting nuclear testing is sunk in New Zealand, local police fight to prove it was a terrorist plot by their French allies.",80128277
105,,Movie,Chatô: The King of Brazil,10/1/2016,2015,NR,"The romanticized life of media mogul Assis Chateaubriand depicts him as the star of a televised trial, where his passions and achievements are judged.",80094453
,1,TV Show,Chewin' the Fat,10/1/2016,1999,TV-14,"Petty criminals, dodgy decorators, full-bore Glaswegians and oddball documentary presenters converge in this sketch show that parodies Scottish life.",80128338
,1,TV Show,Fall in Love with Me,10/1/2016,2014,TV-14,The head of a struggling ad agency finds herself torn between a hotshot executive and a kind stranger – not realizing they're the same person.,80111650
100,,Movie,Harud,10/1/2016,2010,TV-14,"A young Kashmiri man sets out to escape to Pakistan and make sense of his brother's death, but he drifts aimlessly until finding his brother's camera.",70153553
,1,TV Show,Love Cheque Charge,10/1/2016,2014,TV-14,"Three years after making a wild promise to a woman in distress, a rigid businessman runs into her again and must decide whether to honor his word.",80111554
,1,TV Show,Masha's Spooky Stories,10/1/2016,2012,TV-Y,"Masha explains why there's no need to be scared of things like monsters, the dark, going to a new school, thunder and other common childhood fears.",80097248
96,,Movie,Much Ado About Nothing,10/1/2016,2016,NR,Carefree college student Vicente ends up in a desperate fight for freedom when a well-connected friend falsely accuses him of a hit-and-run accident.,80098709
,1,TV Show,Murphy's Law of Love,10/1/2016,2015,TV-14,An online matchmaker who's convinced she's living under a curse finds her theories on life and love tested when she meets a shrewd divorce expert.,80111556
97,,Movie,My Big Night,10/1/2016,2015,TV-MA,An unemployed man gets a job as an extra at the shooting of a New Year's Eve TV special that's beset by crises and seems to go on forever.,80092849
73,,Movie,My Little Pony Equestria Girls: Legend of Everfree,10/1/2016,2016,TV-Y7,"The Equestria Girls, human teen counterparts to My Little Pony characters, head to Camp Everfree, where they need a little magic to help save summer.",80107372
,1,TV Show,Old Money,10/1/2016,2015,TV-14,"Backstabbing, blackmail and revenge consume the dysfunctional family of a wealthy patriarch as they compete to find him a new liver at all costs.",80138584
44,,Movie,Pac's Scary Halloween,10/1/2016,2016,TV-Y7,"When sinister Dr. Pacenstein schemes to swap bodies with Pac during a Halloween party, Spiral, Cyli and Count Pacula scramble to save their pal.",80006232
132,,Movie,Riphagen - The Untouchable,10/1/2016,2016,NR,"This biopic profiles Andries Riphagen, a Dutch criminal who blackmailed Jews in hiding during World War II and was responsible for hundreds of deaths.",80106138
,1,TV Show,Robotech,10/1/2016,1985,TV-MA,"When a mysterious spaceship crashes in the Pacific, the people of Earth work to master the science of robotechnology and rebuild the giant fortress.",70205018
,1,TV Show,Someone Like You,10/1/2016,2015,TV-14,"After losing his sight and his fiancee in an accident, a man hires a caregiver who mysteriously sounds – and looks – just like his late girlfriend.",80111683
96,,Movie,Umrika,10/1/2016,2015,TV-14,"An ambitious man leaves his small Indian village for America. But when his letters to home stop coming, his brother sets out on his own adventure.",80038288
92,,Movie,Unchained: The Untold Story of Freestyle Motocross,10/1/2016,2016,NR,"This adrenaline-rush documentary traces the rise of freestyle motocross, arguably the world's most extreme sport, and spotlights its pioneers.",80109089
99,,Movie,Welcome Mr. President,10/1/2016,2013,TV-14,"When frustrated politicians name a historical figure as the next president, an honest, humble man by the same name suddenly becomes Italy's leader.",80061797
,1,TV Show,When I See You Again,10/1/2016,2015,TV-14,"On a visit to his hometown, a rich bachelor seeks revenge on the woman who broke his heart 10 years ago. But his plan doesn't go as expected.",80111845
,1,TV Show,Wakfu: The Quest for the Six Eliatrope Dofus,10/1/2015,2014,TV-Y7-FV,"Six years after Yugo and his team defeat Qilby, Ogrest's crying floods Amalia's kingdom. To stop him, they must find the six missing Eliatrope Dofus.",80048100
95,,Movie,A Stoning in Fulham County,10/1/2011,1988,NR,"After reckless teens kill an Amish child, a prosecutor attempts to bring the youths to justice despite the condemnation he faces from the community.",70206821
96,,Movie,Adam: His Song Continues,10/1/2011,1986,NR,"After their child was abducted and murdered, John and Reve Walsh fought to raise national awareness of the problem of missing children.",70206816
94,,Movie,Hard Lessons,10/1/2011,1986,NR,"This drama based on real-life events tells the story of George McKenna, the tough, determined new principal of a notorious Los Angeles high school.",60022914
94,,Movie,In Defense of a Married Man,10/1/2011,1990,NR,"A lawyer's husband is having an affair. When his mistress is found dead, he becomes the prime suspect – and his wife must take charge of his defense.",70206818
93,,Movie,Quiet Victory: The Charlie Wedemeyer Story,10/1/2011,1988,TV-PG,"When high school football coach Charlie Wedemeyer is diagnosed with Lou Gehrig's disease, he perseveres in leading his team despite becoming disabled.",70206819
96,,Movie,Strange Voices,10/1/2011,1987,NR,"When their college-age daughter suddenly begins acting erratically and is diagnosed with schizophrenia, a desperate couple seeks treatment for her.",70206822
94,,Movie,The Ryan White Story,10/1/2011,1989,TV-PG,"After contracting HIV from a tainted blood treatment, teenaged hemophiliac Ryan White is forced to fight for his right to attend public school.",70206820
94,,Movie,Too Young the Hero,10/1/2011,1988,NR,"Twelve-year-old Calvin manages to join the navy and serves in the battle of Guadalcanal. But when his age is revealed, the boy is sent to the brig.",70206823
93,,Movie,Triumph of the Heart,10/1/2011,1991,TV-PG,"This drama tells the tale of Ricky Bell, a pro running back with the Tampa Bay Buccaneers who died of a muscle disease in the prime of his career.",70206824
95,,Movie,Unspeakable Acts,10/1/2011,1990,NR,Laurie and Joseph are doctors who interview sexually abused children. With a lot of energy they track down a pedophile who has abused many toddlers.,70206825
93,,Movie,Victim of Beauty,10/1/2011,1991,NR,A beauty pageant winner is stalked by a serial killer who kidnaps her sister and torments her family in this thriller based on a shocking true story.,70206826
99,,Movie,"All's Well, End's Well (2009)",11/9/2018,2009,TV-14,"Bound by a family rule that forbids him from marrying until his stubborn sister gets hitched, a bachelor enlists the help of a love guru to woo her.",81029831
132,,Movie,Gabriel and the Mountain,11/9/2018,2017,TV-MA,"In a drama based on a true story, Brazilian backpacker Gabriel Buchmann spends his gap year exploring Africa. Why does he die in the Malawi mountains?",80194289
106,,Movie,Lommbock,11/9/2018,2017,TV-MA,"After finding love in drug-free Dubai, Stefan returns to Germany to grab documents for his wedding. But old buddy Kai's bad habits complicate things.",80191219
,1,TV Show,Love O2O,11/9/2018,2016,TV-PG,"When a computer-science major gets dumped by her “husband” in an online role-playing game, she attracts a new proposal from the game’s top player.",81005091
,1,TV Show,Medal of Honor,11/9/2018,2018,TV-MA,"Honoring service members whose courage merited the awarding of a Medal of Honor, this docudrama series re-creates their inspiring true stories.",80169786
122,,Movie,Outlaw King,11/9/2018,2018,R,"In 14th-century Scotland, Robert the Bruce claims the crown and leads a fierce uprising to win back the country's independence from English rule.",80190859
,1,TV Show,Super Drags,11/9/2018,2018,TV-MA,"In this adult animated series, three gay co-workers lead double lives as drag queen superheroes, saving the LGBTQ community from evil nemeses.",80218634
,1,TV Show,The Queen of Flow,11/9/2018,2018,TV-14,"Seventeen years after being wrongly imprisoned, a talented songwriter seeks justice against the men who caused her downfall and killed her family.",81022683
,1,TV Show,Westside,11/9/2018,2018,TV-MA,Nine struggling musicians share the spotlight in this deeply personal reality series about the challenges and thrills of staging a Hollywood showcase.,80201862
,1,TV Show,Case,11/9/2016,2015,TV-MA,A smart lawyer whose drinking and recklessness send him on a path of self-destruction finds new purpose investigating a teenager's apparent suicide.,80114869
,1,TV Show,Greatest Events of WWII in Colour,11/8/2019,2019,TV-14,"From the attack on Pearl Harbor to D-Day, the most pivotal events of World War II come to life in this vivid docuseries featuring colorized footage.",80989924
,1,TV Show,Green Eggs and Ham,11/8/2019,2019,TV-Y7,"On a road trip to save an endangered animal, polar opposites Guy and Sam learn to try new things like friendship – and a certain delectable dish.",80057250
100,,Movie,Hit & Run,11/8/2019,2012,R,"Determined to get his fiancée to L.A. to take advantage of an amazing opportunity, Charlie breaks out of the witness protection program to drive her.",70243445
93,,Movie,Let It Snow,11/8/2019,2019,PG-13,"A snowstorm hits a small town on a cold Christmas Eve, affecting the friendships, love lives and futures of several high school seniors.",80201542
94,,Movie,Paradise Beach,11/8/2019,2019,TV-MA,"Mehdi gets out of prison, planning to settle old scores. But first, he must reconnect with his gang, now living in an idyllic beach resort in Thailand.",81079723
79,,Movie,Hope Springs Eternal,11/8/2018,2018,PG,"When a teen with terminal cancer miraculously finds herself in remission, she struggles to give up the attention her illness gave her at school.",81003058
78,,Movie,The Desert Bride,11/8/2018,2017,TV-14,"While traveling across Argentina to a new job, a longtime maid encounters a salesman who opens her eyes to life's beauty and possibilities.",80236993
111,,Movie,The Sea of Trees,11/8/2018,2015,PG-13,"A brooding American unable to cope with personal crisis travels to ""suicide forest"" near Mount Fuji, where he meets a fellow lost wanderer.",80057565
,1,TV Show,Transfers,11/8/2018,2017,TV-MA,"After a boating accident, woodworker and family man Florian wakes up in the body of an officer who leads a task force against illegal body transfers.",81016857
112,,Movie,Yes or No 2,11/8/2018,2012,TV-PG,"No longer university girls, Kim and Pie face new hurdles in their relationship, including work, new friends and other distractions.",81002596
107,,Movie,Yes or No 2.5,11/8/2018,2015,TV-PG,"Roommates Wine and Pie find their lives turned upside down when two more ladies move in next door, bringing up past heartaches and new attractions.",81002597
101,,Movie,My Way,11/8/2016,2016,TV-14,"Former Italian prime minister Silvio Berlusconi opens up about his life, including his sex scandals, corruption trials, and friendship with Putin.",80148275
121,,Movie,U Turn,11/7/2019,2016,TV-14,A reporter must hunt for the truth behind a strange murder after she crosses paths with a young cop and becomes the investigation's prime suspect.,80127886
,1,TV Show,Damnation,11/7/2018,2017,TV-14,"During the Great Depression, a stranger with a violent past poses as a preacher and rallies farmers to mount a strike in a rural Iowa community.",80176771
102,,Movie,Into the Forest,11/7/2018,2015,R,"In the near future, two frightened sisters fight for survival after losing their father during a deadly, quietly looming apocalypse.",80080491
81,,Movie,Krisha,11/7/2018,2015,R,"After 10 years away from her family, Krisha returns for Thanksgiving, but bitter grudges and troubling addictions threaten to ruin the event.",80046777
81,,Movie,Jerry Seinfeld: Comedian,11/7/2017,2002,R,Christian Charles's documentary follows established comedian Jerry Seinfeld and up-and-comer Orny Adams as they navigate the stand-up circuit.,60024976
,1,TV Show,P. King Duckling,11/7/2017,2016,TV-Y,"P. King, the daring but hapless duck, teams up with best buddies Wombat and Chumpkins to find wacky and wild ways to solve their problems.",80185003
123,,Movie,The Journey Is the Destination,11/7/2017,2016,R,Spirited 22-year-old activist and photojournalist Dan Eldon rushes to the frontline of a dangerous relief effort for Somalian refugees in this biopic.,80173002
100,,Movie,Virunga,11/7/2014,2014,TV-MA,The Oscar-nominated true story of the rangers risking their lives to save Africa's most precious national park and its endangered gorillas.,80009431
78,,Movie,Burning Cane,11/6/2019,2019,TV-MA,"A small-town Louisiana minister and one of his parishioners cope with grief, alcoholism and a crisis of faith in this dramatic character study.",81092045
,1,TV Show,SCAMS,11/6/2019,2019,TV-14,"Hit hard by the Lehman shock, a well-meaning young man joins a phone scam operation and gets increasingly embroiled in the underworld.",81153751
116,,Movie,Shadow,11/6/2019,2018,TV-MA,"As three kingdoms struggle for control of a walled city, a figure with a rare power spins a web of intrigue that entangles a king's court.",81034600
144,,Movie,Let It Fall: Los Angeles 1982-1992,11/6/2017,2017,TV-MA,This documentary chronicles simmering tension and broken trust between L.A.'s black community and police in the decade before the Rodney King riots.,80183783
87,,Movie,Luccas Neto in: Summer Camp,11/5/2019,2019,TV-G,Luccas and Gi are heading to a world famous gymkhana camp. Only problem: so are their bullies... A fun musical that will get you in a vacation mood.,81209203
61,,Movie,Seth Meyers: Lobby Baby,11/5/2019,2019,TV-MA,SNL alumnus and subversive master of late-night TV Seth Meyers comes out from behind the desk to share some lighthearted stories from his own life.,81058497
98,,Movie,The Lovers,11/5/2019,2017,R,"On the verge of divorce, a middle-aged couple, each involved in a serious affair, rethink their marriage and the meaning of love and fidelity.",80167628
123,,Movie,Tune in for Love,11/5/2019,2019,TV-MA,"A student and a reticent teen first meet at a bakery in the 1990s and try to find each other through the years, as fate keeps pulling them apart.",81165326
85,,Movie,Undercover Brother 2,11/5/2019,2019,R,"When a beloved secret agent falls deep into a coma, his bumbling brother must defend their community from a divisive political threat.",81053961
,1,TV Show,Voice,11/5/2019,2019,TV-14,"In this remake of the Korean thriller, an esteemed detective and a talented cop join forces to nail the killer who took the lives of their loved ones.",81142595
129,,Movie,Bucket List,11/5/2018,2018,TV-14,"After getting a heart transplant, a 40-year-old homemaker in Pune makes the life-changing decision to complete the bucket list of her 20-year-old donor.",81029848
90,,Movie,John Leguizamo's Latin History for Morons,11/5/2018,2018,TV-MA,"In this one-man Broadway show, John Leguizamo finds humor and heartbreak as he traces 3,000 years of Latin history in an effort to help his bullied son.",80225421
153,,Movie,Mubarakan,11/5/2017,2017,PG-13,"Chaos ensues after two orphaned twin brothers raised apart team up with their eccentric, unmarried uncle to find a solution to their romantic woes.",80204460
92,,Movie,A Holiday Engagement,11/4/2019,2011,TV-G,Hilary's plan to hire a good-looking guy to act as her boyfriend backfires when she brings him home for the holidays to try and fool her family.,70209267
87,,Movie,Christmas Crush,11/4/2019,2012,TV-PG,Twentysomething Georgia pines for her old boyfriend and is thrilled to have a second chance at love when she attends their high school reunion.,70306305
92,,Movie,Dear Santa,11/4/2019,2011,TV-PG,"Finding a letter mailed to Santa by a girl asking for a new wife for her daddy, twentysomething Crystal sets out to make the girl's wishes come true.",70262831
112,,Movie,District 9,11/4/2019,2009,R,"After years of segregation and forced labor, a race of stranded aliens enlists in a resistance movement spearheaded by a rogue government agent.",70113005
97,,Movie,Kicking and Screaming,11/4/2019,1995,R,"After graduating, four college roomies – petrified by the prospect of facing ""real life"" – reluctantly step into adulthood in this ensemble comedy.",70052286
78,,Movie,Minimalism: A Documentary About the Important Things,11/4/2019,2016,TV-14,People dedicated to rejecting the American ideal that things bring happiness are interviewed in this documentary showing the virtues of less is more.,80114460
103,,Movie,Oththa Seruppu Size 7,11/4/2019,2019,TV-MA,"Taken into custody, a murder suspect's theatrical explanations of his peculiar modus operandi unearth truths far beyond the crime he’s accused of.",81206389
,1,TV Show,The Devil Next Door,11/4/2019,2019,TV-MA,"A Cleveland grandfather is brought to trial in Israel, accused of being the infamous Nazi death camp guard known as Ivan the Terrible.",80201488
105,,Movie,Williams,11/4/2017,2017,TV-MA,This inspiring documentary charts the birth of Sir Frank Williams's renowned racing empire – and the near-fatal crash that nearly stalled its future.,80196135
64,,Movie,"Dana Carvey: Straight White Male, 60",11/4/2016,2016,TV-MA,Emmy-winning comedian Dana Carvey blends pitch-perfect takes on big personalities with so-true-it-hurts stories from his life as a dad of millennials.,80117461
,1,TV Show,Qué pena tu serie,11/4/2016,2015,TV-MA,"Javier is happily in love with Sofia, so when she breaks up their perfect life, he has to get her back – or maybe try finding a new perfect love.",80127600
112,,Movie,The Ivory Game,11/4/2016,2016,TV-14,"Filmmakers infiltrate the corrupt global network of ivory trafficking, exposing poachers and dealers as African elephants edge closer to extinction.",80117533
,1,TV Show,Chocolate,11/30/2019,2019,TV-14,"Brought together by meaningful meals in the past and present, a doctor and a chef are reacquainted when they begin working at a hospice ward.",81193313
67,,Movie,Guatemala: Heart of the Mayan World,11/30/2019,2019,TV-G,"From Sierra de las Minas to Esquipulas, explore Guatemala's cultural and geological wealth, including ancient Mayan cities and other natural wonders.",81197050
135,,Movie,The Zoya Factor,11/30/2019,2019,TV-14,"A goofy copywriter unwittingly convinces the Indian cricket team that she’s their lucky mascot, to the dismay of their superstition-shunning captain.",81213894
,1,TV Show,1983,11/30/2018,2018,TV-MA,"In this dark alt-history thriller, a naïve law student and a world-weary detective uncover a conspiracy that has tyrannized Poland for decades.",80205593
93,,Movie,A Christmas Prince: The Royal Wedding,11/30/2018,2018,TV-PG,"A year after helping Richard secure the crown, Amber returns to Aldovia to plan their wedding. But her simple tastes clash with royal protocol.",80238204
30,,Movie,Angela's Christmas,11/30/2018,2018,TV-G,A trip to church with her family on Christmas Eve gives young Angela an extraordinary idea. A heartwarming tale based on a story by Frank McCourt.,80230507
,1,TV Show,Cloudy with a Chance of Meatballs,11/30/2018,2017,TV-Y7,"Teenager Flint Lockwood has a knack for invention. With help from his pal Sam Sparks, he might even change the world – if he doesn't break it first.",81041515
,1,TV Show,Death by Magic,11/30/2018,2018,TV-14,"Magician Drummond Money-Coutts travels the globe, sharing his infectious love of his craft and attempting feats that proved fatal to other magicians.",80191074
82,,Movie,El club de los insomnes,11/30/2018,2018,TV-MA,"An insomniac, an aspiring photographer and a pregnant veterinarian form a unique friendship during late-night meetings at a 24-hour mini-mart.",80990725
95,,Movie,Garuda in My Heart 2,11/30/2018,2011,TV-PG,A young soccer player sets out to prove he can lead his team to a championship – but being a winner is about more than just talent.,81016327
127,,Movie,Happy as Lazzaro,11/30/2018,2018,PG-13,"Purehearted teen Lazzaro is content living as a sharecropper in rural Italy, but an unlikely friendship with the marquise's son will change his world.",81004245
120,,Movie,Love,11/30/2018,2008,TV-PG,"In Jakarta, five couples of varying ages and backgrounds experience the different stages of romantic love, from its giddy start to its painful end.",81033200
,1,TV Show,Love and Fortune,11/30/2018,2018,TV-MA,"Frustrated by life with her boyfriend, thirty-something Wako can’t stop herself from being interested in high schooler Yumeaki, despite their age gap.",81002951
114,,Movie,Manto,11/30/2018,2018,TV-MA,The controversial and troubled Indo-Pakistani writer Saadat Hasan Manto finds his artistic choices challenged by censors.,81039383
119,,Movie,Rajma Chawal,11/30/2018,2018,TV-MA,"Hoping to revive his relationship with his resentful millennial son, an internet-rookie widower assumes the online persona of a young woman.",81018377
101,,Movie,The World Is Yours,11/30/2018,2018,TV-MA,"To escape his life of crime, a Paris drug dealer takes on one last job involving Spain, unhinged gangsters, his longtime crush and his scheming mother.",81021528
96,,Movie,Time Share,11/30/2018,2018,TV-MA,Husband and father Pedro becomes increasingly suspicious that a series of mishaps at a resort during a family vacation are part of a sinister plan.,80991809
103,,Movie,When Two Worlds Collide,11/30/2016,2016,TV-14,This documentary takes a hard look at how indigenous peoples clashed violently with the Peruvian government over land and economics in the Amazon.,80097475
107,,Movie,Takers,11/3/2019,2010,PG-13,A motley crew of bank robbers plans their next heist after a former colleague convinces them to target an armored car carrying $20 million.,70117294
86,,Movie,Hoodwinked Too! Hood vs. Evil,11/3/2018,2011,PG,"Fresh off a top-secret training, feisty heroine Little Red teams up with intrepid reporter Wolf to investigate the disappearance of Hansel and Gretel.",70117582
,1,TV Show,Akulah Balqis,11/3/2017,2015,TV-14,"A little girl must enter an orphanage after her parents are arrested, but her life takes a dramatic turn when she escapes and meets a model.",80163294
,1,TV Show,Alias Grace,11/3/2017,2017,TV-MA,"In 19th-century Canada, a psychiatrist weighs whether a murderess should be pardoned due to insanity. Based on Margaret Atwood's award-winning novel.",80119411
106,,Movie,Atlantics,11/29/2019,2019,TV-14,"Arranged to marry a rich man, young Ada is crushed when her true love goes missing at sea during a migration attempt – until a miracle reunites them.",81082007
107,,Movie,Crazy people,11/29/2019,2018,TV-14,Nollywood star Ramsey Nouah learns that someone is impersonating him and breaks out of a mental institution to expose the imposter.,81172754
81,,Movie,I Lost My Body,11/29/2019,2019,TV-MA,"Romance, mystery and adventure intertwine as a young man falls in love and a severed hand scours Paris for its owner in this mesmerizing animated film.",81120982
107,,Movie,Kalushi: The Story of Solomon Mahlangu,11/29/2019,2016,TV-MA,"The life and times of iconic South African liberation fighter Solomon Mahlangu, who battled the forces of apartheid, come into focus.",81227195
118,,Movie,Lagos Real Fake Life,11/29/2019,2018,TV-14,"Two mooching friends vie for the attention of wealthy, beautiful women only to discover that their lavish lifestyles are bogus.",81172841
110,,Movie,Payday,11/29/2019,2018,TV-MA,"After an expensive night out, two flatmates get tangled in an overnight misadventure to recover their rent money to pay their dead landlord's daughter.",81172899
,1,TV Show,Sugar Rush Christmas,11/29/2019,2019,TV-PG,"It's everything you love about ""Sugar Rush"" – with a holly jolly holiday twist – in this Christmas-themed spin on competitive baking.",81094391
104,,Movie,The Accidental Spy,11/29/2019,2017,TV-14,"Nursing a broken heart, an IT specialist moves to London to audition for a reality TV show that unexpectedly turns into a real-life cartel drama.",81172908
,1,TV Show,The Charming Stepmom,11/29/2019,2019,TV-14,"A quirky fashion student becomes the nanny of a handsome widower’s three kids, experiencing a series of silly antics and schemes.",81152641
93,,Movie,The Island,11/29/2019,2018,TV-14,"When a colonel uncovers controversial intel about the government, he makes a shocking discovery and must decide whether to reveal it or risk his life.",81172901
,1,TV Show,The Movies That Made Us,11/29/2019,2019,TV-MA,"These blockbusters brought us together and gave us the time of our lives. Meet the actors, directors and industry insiders who made them happen.",80990849
94,,Movie,Holiday Rush,11/28/2019,2019,TV-PG,A widowed radio DJ and his four spoiled kids need to tighten their belts and pull together when their life of luxury turns lean just before Christmas.,81033086
,1,TV Show,Levius,11/28/2019,2019,TV-14,Young Levius rises through the ranks in the brutal world of metal boxing under his uncle's guidance. Forces outside the ring have their eye on him.,80156799
,1,TV Show,Lugar de Mulher,11/28/2019,2019,TV-MA,"Four comedians from Brazil riff on sexuality, politics, religion and motherhood – and set out to prove a woman's place is anywhere she wants it to be.",81161538
,1,TV Show,Merry Happy Whatever,11/28/2019,2019,TV-PG,"A struggling LA musician tries to win over his new girlfriend's gruff dad and quirky, tight-knit siblings on a 10-day Christmas visit to Philadelphia.",80997965
,1,TV Show,Mythomaniac,11/28/2019,2019,TV-MA,"Burned out and taken for granted, a working mom suspects her partner is cheating, so to win back his attentions, she feigns a medical diagnosis.",81018979
